StudyTimeWeekly,Absences,Tutoring,ParentalSupport,Extracurricular,Sports,Music,Volunteering,GradeClass
19.833722807854716,7,1,2,0,0,1,0,2
15.40875605584674,0,0,1,0,0,0,0,1
4.21056976881226,26,0,2,0,0,0,0,4
10.028829473958217,14,0,3,1,0,0,0,3
4.6724952729713305,17,1,3,0,0,0,0,4
8.191218545250186,0,0,1,1,0,0,0,1
15.601680474699297,10,0,3,0,1,0,0,2
15.424496305808074,22,1,1,1,0,0,0,4
4.562007558047703,1,0,2,0,1,0,1,2
18.4444663630972,0,0,3,1,0,0,0,0
11.851363655296536,11,0,1,0,0,0,0,3
7.59848581924029,15,0,2,0,0,0,1,4
10.038711615617212,21,0,3,1,0,0,0,4
12.101425068754876,21,0,4,0,1,0,0,4
11.197810636915708,9,1,2,0,0,0,0,3
9.728100710723565,17,1,0,0,1,0,0,4
10.098656081788002,14,0,2,1,1,0,0,3
3.5282382085577235,16,1,2,0,0,0,0,4
16.25465808609359,29,0,2,1,0,0,1,4
10.835206398820308,9,0,2,0,0,1,0,3
2.621597234094062,2,0,3,0,0,0,1,2
15.32314203165556,25,0,1,1,0,0,0,4
18.648879567547016,29,1,1,0,0,0,0,4
18.94613798473924,20,0,2,1,0,0,0,4
7.380354648223455,15,0,2,0,0,0,0,4
2.7103374712150807,5,0,4,0,0,1,0,2
10.367992532661304,2,0,2,0,1,0,0,2
2.2521845869844137,8,0,3,0,0,1,0,3
18.679748370252344,10,0,3,1,0,0,0,2
3.67159254710292,20,0,3,1,0,0,0,4
5.055317199023282,12,1,0,0,1,0,0,4
8.132730537699409,17,0,4,0,0,0,1,4
7.663289371182516,25,0,1,0,1,0,0,4
15.89325784795778,21,0,0,1,1,0,0,4
9.126336411019247,27,1,2,1,1,0,0,4
3.415365200066738,23,0,1,0,0,0,0,4
5.344197909721482,26,1,1,0,0,0,0,4
10.18226770375044,21,1,1,0,1,0,0,4
2.949078348522698,3,1,1,1,1,0,0,1
12.233113512920282,21,1,3,1,1,0,0,4
11.314946131022918,23,1,1,0,0,0,0,4
14.294046327645152,7,0,2,0,0,0,0,2
18.754092307587356,12,1,4,0,0,0,0,2
18.245091222023117,9,0,2,0,1,0,0,2
18.921512361376628,1,1,3,1,1,0,0,0
4.894311940474019,7,0,4,0,0,1,0,2
2.6313061327870924,5,0,1,1,0,0,0,2
6.04553400992897,15,0,2,0,0,0,0,4
17.90170345532629,17,0,3,0,0,1,0,3
19.441069492469765,16,0,4,1,0,0,0,3
17.18649902140952,5,0,3,0,0,0,0,2
2.200354422550872,12,1,1,1,0,1,0,4
18.948559961195865,22,0,4,0,0,1,0,4
8.46716054701572,13,0,1,0,1,0,0,4
0.1862058152470735,29,1,2,1,1,0,0,4
8.847874814963872,25,0,2,0,1,0,0,4
0.9213833935093518,20,0,2,0,1,1,0,4
10.87755842322235,29,0,3,1,0,0,0,4
6.771080548741026,9,1,3,0,1,0,0,2
9.468698671880976,23,0,3,0,1,0,0,4
12.26340721486234,10,0,0,1,0,1,0,4
17.376021916356407,12,0,2,0,0,1,0,3
13.238031529438572,11,0,3,0,1,0,0,3
8.680977369563614,8,0,2,0,1,0,0,3
16.388557073407302,3,1,4,0,0,0,0,1
18.111642751462643,6,1,3,1,0,0,0,1
2.3951993286439444,23,0,3,0,1,0,0,4
10.638659551055827,28,0,0,0,1,0,0,4
5.690239194848883,21,1,3,0,0,1,0,4
0.941223957538948,1,0,4,0,0,1,0,1
13.370933902279706,6,0,2,1,0,0,0,2
17.255415549184512,28,0,3,0,0,1,1,4
3.258053089547881,8,0,2,1,1,0,0,2
16.24827315247801,4,1,2,0,0,0,0,1
17.067914670738833,14,0,3,1,0,1,0,3
18.28680885332967,17,0,3,0,1,0,0,4
5.305701781721048,3,0,3,0,0,0,0,2
18.079061303797783,18,1,1,1,1,0,0,3
6.413255094728645,19,0,1,0,0,0,0,4
11.046760269110056,25,0,3,0,1,0,0,4
1.0101494166456426,6,0,1,0,1,0,0,3
0.8776217673748721,25,0,2,0,0,0,0,4
14.407464254644058,7,0,0,1,1,0,0,2
8.88959955955582,16,0,1,0,1,0,0,4
5.125847507384352,12,0,3,1,1,0,0,3
3.808269920498204,23,0,3,0,0,0,0,4
13.399069817184362,20,1,1,1,0,1,1,4
0.0080308805067974,27,0,1,0,0,1,0,4
16.117823383937086,22,0,0,1,0,1,0,4
1.5849921225985764,10,0,2,0,0,1,1,3
3.829792298162389,26,0,1,0,0,0,1,4
7.724727905981792,0,0,2,1,1,0,0,0
9.697174794322072,1,1,3,0,0,0,0,0
7.099902316278836,16,1,3,0,1,0,0,3
6.414243299685878,4,0,1,1,1,0,0,2
19.278320241463767,29,0,3,0,0,0,1,4
12.831593624867883,29,0,4,0,0,1,0,4
0.4686591073477641,5,0,2,0,1,0,0,2
8.603518168886264,25,0,2,1,0,1,1,4
17.500173994879404,24,0,2,0,0,0,0,4
6.029123728213359,23,1,1,1,1,0,1,4
1.8911268954877647,6,0,3,1,0,1,1,2
15.167695431798355,27,0,3,1,1,0,0,4
12.120276638721624,20,1,2,0,1,0,0,4
11.406250156530078,29,0,3,1,0,0,0,4
1.0715311921481585,14,0,3,0,1,1,1,3
2.8099801959103465,18,0,0,1,0,0,1,4
12.450987924262275,15,0,1,0,1,0,0,4
4.156476829176716,24,1,3,1,1,0,0,4
10.081401594968488,12,1,4,0,0,0,0,2
10.89763372058787,4,1,3,0,0,0,0,1
5.670143805418788,2,1,4,0,0,1,0,0
18.968503110829857,2,0,2,0,0,0,0,1
16.8492821367115,18,1,1,0,1,1,0,4
14.44747015265597,13,1,2,0,0,0,0,3
1.5598773281881817,15,0,0,0,0,0,1,4
2.122600386180389,21,0,3,1,0,1,0,4
9.855626917299114,16,0,4,0,0,0,0,4
3.214266983819713,26,0,3,0,1,0,0,4
19.56530927058948,3,0,2,1,0,1,1,0
3.170404680548189,12,1,1,1,1,0,0,3
9.74935670927948,7,1,1,0,1,1,0,2
7.282421136830108,18,0,2,0,0,0,0,4
12.78772842908196,4,0,3,0,0,0,0,1
2.5807281777884983,1,1,2,1,0,1,0,1
8.606328560847817,14,0,4,1,0,0,0,2
5.494100656142873,1,0,3,1,0,0,0,0
17.75503049343376,10,1,1,0,1,0,0,2
0.8117142426939017,12,1,1,1,1,0,0,3
18.274549880129182,22,1,3,0,0,0,0,4
16.65988277106001,9,0,1,0,0,0,0,3
5.951414328816309,2,0,3,0,0,0,0,1
15.785813093542094,4,1,2,0,1,0,0,0
0.6242712067749512,2,0,1,1,0,0,0,3
19.33731100586787,5,1,2,1,0,0,0,1
10.531898851795788,12,0,2,1,0,0,0,3
6.065620521308905,9,0,3,0,1,0,0,3
7.251664251893541,18,0,0,1,0,1,1,4
1.3281070692099473,7,0,3,1,0,0,0,2
19.786990280840783,17,1,3,0,0,0,0,3
0.7858389030138491,2,0,3,1,0,0,0,1
13.09814246295718,23,1,0,1,1,0,0,4
8.854718554129166,23,1,3,0,0,0,0,4
18.978324363774306,16,0,2,1,0,1,0,3
4.919994806135904,7,1,2,1,1,0,0,3
10.641736478760226,9,0,3,1,0,0,0,2
9.64712417165506,1,1,2,1,0,0,1,0
14.057328881002029,11,0,3,0,1,0,0,3
1.3602046390484102,22,0,1,1,1,0,1,4
3.875782600467097,5,0,3,1,0,0,0,2
4.291296401856997,1,0,1,0,1,1,0,2
14.763015096833794,20,1,3,0,1,0,0,4
3.7827739265348015,22,0,4,1,0,0,1,4
11.469835277819534,23,0,2,0,0,0,0,4
4.304876410019074,2,0,2,1,0,0,0,1
17.232499001679567,16,1,3,1,1,0,0,2
18.84370908979277,28,0,0,0,1,1,1,4
10.369859498844807,6,0,2,0,0,0,0,2
7.046177684183565,28,0,2,0,0,0,0,4
4.681155500349982,20,0,3,0,0,0,1,4
0.9956200304608752,4,1,3,1,0,0,1,1
5.370001523949908,22,1,3,0,0,0,0,4
13.084715598906358,0,1,3,0,0,1,1,0
10.672338626184215,7,0,3,1,0,0,0,2
18.880825565618547,11,1,2,1,0,0,0,3
7.925545249834012,13,0,2,0,1,0,0,4
13.87726684656789,15,1,2,1,1,0,0,2
9.786454949502428,9,0,4,0,1,0,0,3
10.251524318484233,14,0,3,1,0,0,0,3
5.35548629208235,20,0,2,0,1,0,0,4
9.099015536839994,23,0,3,0,1,0,0,4
9.415699940254145,25,0,2,1,0,0,1,4
14.132850434978678,14,1,3,0,0,0,0,3
18.81279998372228,9,0,2,0,1,0,0,2
6.586425549650086,20,1,1,1,0,0,0,4
0.8440093716259689,27,0,3,1,0,0,0,4
9.925902510012794,6,0,3,0,0,0,0,2
10.889226642983372,25,1,2,1,0,1,0,4
3.368811022638305,2,0,2,1,0,0,0,2
15.209292125521332,1,0,3,1,0,0,1,1
19.698582168829837,5,1,3,0,0,0,0,1
18.915494340169214,20,0,3,1,0,0,0,4
3.942120776473044,8,0,2,1,1,0,0,3
17.507264798015214,9,1,4,1,1,0,0,1
14.089872728233694,3,0,3,0,0,0,0,2
9.076931276138232,26,1,3,1,0,0,0,4
10.812219886494582,2,0,3,0,0,0,0,2
16.99200349964916,8,0,1,1,0,0,0,2
9.602698792767464,23,0,0,1,1,0,0,4
7.464147382102537,21,1,3,0,0,0,0,4
9.864949860519715,16,0,2,0,0,0,1,4
11.582596080700982,13,1,3,0,0,0,0,3
3.781553075566977,9,0,2,1,0,0,0,3
18.018154605339813,12,0,2,0,0,0,0,3
13.483738976592276,11,1,1,1,0,1,0,2
12.665378346749778,26,0,3,1,1,0,0,4
1.9899245236127627,0,0,1,1,0,0,1,1
12.083478763451836,27,0,3,1,0,1,0,4
2.4192132447698467,21,0,2,0,0,0,0,4
1.573953503907981,28,0,3,1,0,0,0,4
10.546217912847863,18,0,1,0,0,1,0,4
8.055710680929899,18,0,1,0,0,0,0,4
11.776205403124465,5,0,3,0,1,0,1,2
1.784443361144772,12,0,2,1,0,0,0,3
8.619661256945168,18,0,1,1,0,0,0,4
3.4957343009031594,12,1,4,0,0,0,0,3
19.74200171848233,26,1,1,1,0,0,0,4
11.223004248703488,25,0,2,1,0,0,0,4
13.748737218817348,21,0,1,0,0,0,0,4
6.508365613652156,20,1,2,1,0,1,1,4
1.894778295586883,3,0,2,0,0,1,0,2
19.517417255670733,23,0,1,0,0,1,1,4
5.7251807076636645,1,0,3,1,0,0,0,1
8.476163703471485,14,1,2,0,0,0,0,4
12.9972784340515,11,0,3,0,0,0,0,3
0.4939459537222257,29,1,1,1,0,0,0,4
16.205182610345737,26,1,2,1,0,0,0,4
10.731563800572406,6,0,0,1,0,1,0,2
5.564343741376443,19,1,3,0,0,0,0,4
1.232159705849385,17,0,3,0,0,0,0,4
3.2499683094888288,22,0,3,1,1,0,1,4
17.900677177068737,12,0,2,0,1,0,1,3
13.72048447871782,16,0,3,0,0,1,0,4
4.998034432737796,3,0,3,0,0,0,0,2
1.3120152989005909,24,0,0,1,0,0,0,4
13.812306247732726,13,0,1,0,0,1,0,4
11.448154519355302,19,0,2,0,0,0,0,4
8.090390489164701,27,0,3,0,1,0,0,4
7.272228983801277,12,1,0,0,0,0,0,4
4.336285518582166,2,0,3,0,1,0,0,1
13.392225130750353,25,0,2,0,0,0,0,4
19.41336055587741,25,0,2,0,0,0,0,4
3.514304916736517,17,0,1,0,1,0,1,4
11.942332400310068,13,0,2,0,1,0,1,4
8.483701114919524,14,0,0,0,1,0,0,4
8.933774434893298,2,0,0,0,1,0,0,2
5.082945602556288,0,0,3,0,0,1,0,2
16.50269751322838,25,1,2,0,0,1,0,4
9.705112082944822,23,1,2,0,0,0,0,4
10.86811704396528,16,0,1,1,0,1,0,4
6.095218255946515,2,1,2,0,1,0,0,1
3.636169313338995,13,0,0,1,1,0,0,4
1.7182077640564095,2,0,2,0,1,0,0,2
14.282382818498318,12,1,2,0,0,0,0,3
3.924685633757112,14,0,2,1,0,0,0,4
13.801507083775954,17,0,4,0,1,0,0,3
7.807528920939077,13,0,2,0,0,0,0,4
8.315496019793029,20,0,2,1,0,0,0,4
9.383549921855431,25,0,2,0,1,0,0,4
7.354170162550863,2,0,1,0,0,1,0,2
2.0123995444518017,18,0,3,0,1,0,0,4
6.192636200056915,7,0,2,1,0,0,0,3
13.274687213878767,3,1,1,1,0,0,0,2
13.31568802937742,3,0,3,0,0,0,1,1
5.724486144799887,18,1,0,0,0,0,0,4
9.20205253115376,10,0,4,1,0,0,1,3
3.8689445602387496,0,1,3,0,0,0,0,1
4.207441630596716,7,1,2,0,1,1,0,2
0.4609417681321481,14,0,1,1,1,0,0,4
17.934930998154893,0,0,1,0,0,0,0,1
4.214133301498125,6,0,1,1,0,0,0,3
4.550677538729266,20,1,1,1,0,0,0,4
5.592028652902636,19,0,2,1,1,0,1,4
2.54816143390858,19,0,4,0,0,1,1,4
12.785257663627256,23,0,2,0,0,0,0,4
1.5028590635517314,10,1,3,0,0,0,0,3
2.6840485265270053,26,0,3,0,0,0,0,4
12.895134531801858,28,0,3,0,0,0,0,4
6.793212409628855,13,0,0,0,1,1,1,4
14.158956534023782,21,1,2,0,1,0,0,4
11.14849489340284,15,0,3,0,0,0,0,4
5.120423461230262,13,0,3,0,0,0,1,4
13.016559009786562,11,0,4,0,0,0,0,3
2.325473605857613,16,0,3,0,0,0,1,4
10.728207661600608,13,1,1,0,0,0,0,3
8.742962100900693,9,0,2,1,0,0,1,2
5.357471656348816,23,0,0,1,1,0,0,4
12.080099954790002,28,1,3,0,0,0,0,4
17.42667184680565,13,1,2,0,0,0,0,3
19.97809399526153,17,0,3,0,0,0,0,4
12.15525537486849,21,0,4,0,0,0,1,4
8.094117486583404,8,1,3,0,0,1,0,2
4.5041420043240326,16,0,2,1,0,0,1,4
5.141921787902235,5,1,1,0,0,0,0,3
9.589099562995314,7,1,3,1,1,1,0,1
7.345554025614184,25,0,1,0,0,0,0,4
18.276290452498884,12,1,1,0,0,0,0,4
7.365909353114191,17,0,1,0,0,0,0,4
7.468891822908709,4,0,2,1,0,0,0,2
7.67069024867954,5,0,1,0,0,0,0,3
16.732404207353163,20,1,4,0,1,1,0,4
13.015766416938035,18,0,4,1,0,0,0,4
12.283377006377854,3,0,4,0,0,1,0,1
6.682860447677244,6,1,0,0,0,0,1,2
16.35808353664879,3,0,4,0,0,0,0,1
0.7672772271140227,24,0,4,0,0,1,0,4
17.415943446762263,10,1,4,0,1,0,0,1
10.254997995878592,11,1,3,0,0,0,0,4
7.965004697268256,13,1,3,0,1,0,0,2
9.943345614353714,12,1,1,0,0,0,0,4
13.348310610676622,28,0,3,1,0,0,0,4
0.2553085303579472,9,0,0,1,0,0,0,4
17.431037129164956,17,0,2,0,0,0,0,4
8.934790506227856,15,0,4,0,0,0,0,4
6.859330394001564,4,0,2,0,1,1,0,1
2.764911312681142,7,1,1,0,0,0,0,3
8.789307487168843,13,0,4,0,0,0,0,3
9.926455425687577,4,0,4,0,1,0,1,0
8.072933889869557,25,0,1,1,0,0,0,4
13.573201876537942,27,0,3,0,1,0,0,4
8.41793057518452,23,0,2,1,0,0,0,4
19.228351556931468,7,0,2,0,0,1,1,1
11.985550356471837,24,0,1,0,0,0,0,4
16.14955871303818,25,0,0,0,0,0,0,4
2.187118062189577,5,1,1,0,1,0,0,2
7.945825858918114,15,1,0,0,1,0,0,4
6.736954028943054,27,0,4,0,0,0,0,4
11.389647762731837,3,1,3,1,0,0,0,1
17.222270401228513,11,0,3,0,0,1,0,2
1.5667643552401334,10,0,3,0,0,0,0,3
1.4514959608942155,2,0,1,1,0,0,0,2
17.00635416315198,11,0,4,1,0,0,0,2
4.257001720767148,29,1,3,1,1,0,0,4
13.375065088996276,4,0,2,0,0,0,0,2
10.857562647216104,5,1,1,0,1,0,0,2
16.657871897744588,18,0,3,0,0,0,0,4
2.5017781967280706,17,0,3,0,1,0,0,4
2.595659314452225,15,1,3,0,0,0,0,4
11.13636720556615,22,0,0,0,0,0,0,4
18.92757306716742,10,0,1,1,1,0,0,3
8.299955167415085,4,0,2,1,1,1,0,1
6.538842005093899,8,0,3,0,1,0,0,3
12.133786463957716,2,0,0,0,0,0,0,2
18.608972010900622,29,0,2,0,1,0,1,4
16.738556656892474,7,0,2,0,0,0,0,2
19.9096722146644,5,0,3,0,0,0,0,1
0.4513716640475418,3,0,2,1,0,0,0,2
2.2571628942552446,11,0,2,0,1,0,0,4
12.18935526733244,11,0,3,0,0,0,0,3
16.411528786676996,24,0,4,0,0,0,1,4
5.704886846135331,20,0,1,1,0,0,0,4
4.784221760684375,15,0,1,1,0,1,0,4
15.739515987624015,9,0,4,1,0,1,0,2
1.1276370770646316,21,0,2,0,0,0,0,4
7.387652951651702,13,0,3,0,0,0,1,4
10.116184451846594,12,0,3,0,0,0,0,4
11.206973487006469,8,0,1,0,1,1,0,2
14.572303135855538,6,0,3,1,0,1,0,1
7.096914468613164,11,0,3,0,0,0,0,4
12.253686893492144,4,0,2,0,0,0,0,2
11.707508455819127,17,0,0,0,0,1,0,4
10.952322013074944,3,0,4,0,0,0,0,2
12.809665862844245,1,0,2,0,1,0,0,2
5.188983421361526,2,1,3,0,0,0,0,1
1.6929750716925795,25,0,3,0,0,0,0,4
2.3854334407948685,11,1,2,0,0,0,0,3
4.491647653078021,2,1,3,1,1,0,0,1
10.003958710455706,3,0,4,0,1,0,0,1
16.808855010920404,5,0,2,0,0,1,0,1
14.025866841767682,11,0,2,0,0,0,0,4
15.780812084040942,18,0,4,1,0,0,0,3
7.019512478521827,9,0,1,1,0,0,1,3
8.093074832971004,29,1,0,0,0,0,0,4
7.873637719812256,0,1,4,0,0,1,0,0
3.8374636880900304,16,0,3,1,0,1,0,4
1.2243331628714405,15,0,4,1,1,0,1,4
11.818321856544536,8,0,0,0,0,0,0,3
19.784333668411723,24,1,1,0,1,0,0,4
3.3365940990052567,20,1,1,0,0,0,0,4
0.9336963979854752,8,1,3,1,0,0,1,3
15.59063363647866,26,0,3,0,0,0,0,4
5.051720133694484,22,0,2,0,0,1,0,4
16.59287610705857,8,0,0,0,0,0,0,3
14.078733340690308,11,0,3,0,0,0,1,3
18.91347074101609,22,1,2,1,0,0,0,4
8.178544715133441,8,1,1,1,0,0,0,3
13.239396789012684,14,0,4,0,1,0,0,2
9.297095616265414,1,0,1,1,0,0,0,2
12.61177394617087,10,0,3,0,0,1,0,3
8.991978120154746,10,1,3,1,0,0,0,2
3.7726449284814967,7,0,2,1,1,0,1,2
10.157948320067618,22,0,1,1,0,0,0,4
10.571684028748846,5,0,2,1,0,0,1,2
16.21207696520322,20,0,3,0,0,0,0,4
14.710414115871624,19,1,1,1,0,0,0,4
13.275832478828882,6,0,3,0,0,0,0,2
2.2677419110514507,2,0,4,0,0,0,0,2
14.4123258132743,7,0,4,0,0,1,0,2
10.006103127090295,17,0,2,0,0,0,0,4
17.881990722123184,16,0,3,1,0,0,1,4
18.39741868261085,10,0,4,0,0,0,0,3
1.1031318120357092,1,0,2,1,0,0,0,2
16.412831207089575,24,1,1,1,0,0,0,4
0.7539478084534124,20,0,1,1,1,0,0,4
7.343392513900453,26,0,1,0,0,0,0,4
10.845999512421582,23,0,3,0,0,1,0,4
2.962015972542549,18,0,2,0,0,0,0,4
14.926276251381536,6,0,3,0,0,0,0,2
0.1670940834427714,17,1,3,1,0,0,1,4
3.3719809686807367,7,0,3,1,1,0,0,1
11.615936597069512,13,0,3,0,0,0,1,3
14.287751240745848,6,0,0,1,0,1,0,1
18.332862053878323,27,0,3,0,1,0,0,4
14.109933038692477,20,0,2,0,0,0,0,4
13.43558540509732,27,0,2,0,1,0,0,4
7.886822927013286,26,0,0,0,0,0,0,4
0.0256885105360282,3,0,4,1,0,0,0,2
2.403185174712439,16,0,4,1,0,0,0,3
10.691090895120784,4,0,2,1,0,0,0,1
13.502597716888394,11,0,2,0,1,0,0,3
8.34896567792925,8,0,3,0,1,0,0,3
14.613580230567804,25,0,1,0,0,0,0,4
10.437245906643575,19,1,1,1,1,1,0,4
1.4835239118862442,12,0,3,0,0,0,0,4
3.8403250193589766,24,0,1,0,1,0,0,4
16.799964464878858,27,0,2,1,1,0,0,4
14.49825493248879,17,1,2,1,0,0,0,4
17.8952397402499,19,1,2,1,0,0,0,4
2.351144982418732,8,0,1,1,1,0,0,3
19.80445069230148,3,0,2,0,0,0,0,1
4.188134278998672,20,1,2,0,1,0,0,4
0.2355975257328402,26,0,2,0,0,1,0,4
19.94845878107108,7,0,3,0,0,0,0,1
5.621477708902263,0,1,4,0,0,1,0,0
13.360389050251198,16,0,1,0,0,0,0,4
3.533646283526104,24,0,3,1,0,0,1,4
11.604570643982834,8,1,1,0,0,1,0,2
18.080699729091187,19,0,2,0,0,0,1,4
6.403623348568772,12,0,2,1,1,0,0,3
13.405079520887185,1,0,2,0,0,0,0,1
3.75807177596833,12,0,3,1,1,0,0,3
12.495907974374504,8,0,2,1,0,0,0,3
6.729007036350203,29,0,2,1,0,0,0,4
4.224165171759033,19,0,3,0,1,1,0,4
6.263641014072703,5,1,1,1,0,0,0,2
3.576821370155987,27,0,1,0,1,0,0,4
18.03832215675765,0,1,0,1,0,0,0,1
7.943737726342577,27,1,1,0,0,0,0,4
4.905586099487347,24,0,2,0,1,0,0,4
8.968156820318658,4,0,2,1,0,1,0,2
6.410723336129911,2,1,1,0,0,0,1,1
14.88838507626652,3,0,0,1,0,0,1,2
19.424398237709887,0,0,3,0,1,1,1,0
8.760673133952936,13,0,3,1,1,1,0,3
17.220667999444807,8,1,4,1,0,0,0,1
11.31726147119239,29,0,4,0,1,0,0,4
3.1447133018846696,23,0,4,0,1,0,1,4
13.812454841626831,3,0,3,1,1,1,1,1
10.268689942516405,17,1,3,1,0,0,0,3
13.01213046504207,13,0,1,0,0,0,0,4
17.7937482514333,24,0,3,1,1,0,1,4
8.808691413120922,3,0,0,0,0,0,0,2
18.023552464347112,24,0,3,0,1,1,0,4
15.013380285633096,9,0,2,0,0,0,1,2
9.772098517559694,2,0,3,1,0,1,0,0
12.064442713159274,22,0,0,1,1,0,1,4
6.511622650380229,6,1,2,0,1,1,0,1
19.671945994775484,9,0,2,0,0,0,0,2
13.34702326100792,12,0,1,1,0,0,0,4
0.8769370499325979,3,1,2,0,1,1,0,1
6.532438114960176,17,0,0,1,1,0,0,4
12.46628867518115,10,0,2,0,0,0,1,3
1.126665555984796,24,1,2,0,0,0,1,4
0.4776838263828553,3,0,3,0,1,0,0,2
9.000484790556051,23,0,2,1,0,1,0,4
6.6538035938534,13,0,2,1,1,0,0,3
8.765972160663317,17,0,4,0,0,0,0,4
5.253866197600104,7,0,2,0,0,0,0,3
3.2943549388596183,26,1,2,0,0,0,0,4
13.782867139606754,9,0,2,1,0,0,0,2
10.29142232535601,4,0,3,1,1,0,1,1
4.003084224987337,22,0,2,1,1,0,0,4
6.391788525199966,6,1,2,1,0,1,0,1
11.83615815326652,11,1,3,1,1,0,0,2
1.444586965449557,24,0,0,0,0,0,0,4
2.949060185323591,2,1,3,0,1,0,1,1
1.4649120821478023,25,1,2,1,0,0,0,4
16.246346654282377,3,0,2,0,0,0,1,2
15.048184664240186,9,0,3,0,0,0,0,2
15.06625863758514,3,0,1,0,0,0,0,2
14.32650686952056,14,1,3,0,1,1,0,2
13.387708473397383,28,1,4,0,0,0,1,4
9.5398383075635,9,0,2,0,0,0,0,2
12.8455632701423,20,0,4,0,0,1,0,4
0.767231095759493,29,0,0,0,0,0,0,4
12.429288453135692,21,1,3,0,0,1,0,4
15.557554110737543,15,1,2,1,0,0,0,3
10.007167207687804,14,0,2,0,0,0,1,4
7.150266568544739,18,0,1,1,1,0,1,4
5.548534696019583,28,0,2,1,0,0,0,4
12.85604100324165,19,1,1,1,0,0,0,4
13.856023972598177,18,0,4,1,1,0,0,3
17.41935199725085,17,0,3,0,1,0,0,3
6.846681649219814,25,1,1,0,1,0,0,4
15.395446147711713,11,0,1,1,0,0,0,3
11.22711648378676,24,1,3,0,0,1,0,4
17.656729813561583,15,0,2,0,1,1,0,3
10.556242165912415,0,0,1,0,0,0,0,2
10.352596567959344,15,1,2,1,0,1,0,3
11.557541628818182,1,0,2,0,0,0,0,1
14.986307102848688,23,0,1,0,0,0,0,4
19.293809576569217,14,0,3,1,1,0,0,3
1.471267084315313,6,0,3,1,0,0,0,2
1.0686920478203432,27,0,0,0,1,1,0,4
18.75100674814677,0,1,4,1,0,0,0,0
10.597512510364124,4,1,2,0,1,0,0,1
12.298060291338722,9,1,1,1,0,0,0,2
9.648472031894578,21,0,1,0,0,0,0,4
1.8731490521494896,20,1,1,0,0,0,0,4
15.36178756837333,3,1,2,1,1,0,0,0
14.94449290177174,13,0,1,0,1,0,0,4
6.23406642985624,12,0,2,0,0,0,1,4
6.124784904568008,0,0,1,1,0,0,1,1
16.75682761811037,15,1,3,0,1,0,1,3
1.4471451548265324,22,0,3,1,1,0,0,4
17.622102967131315,8,1,2,0,0,0,0,2
5.1332337979182885,21,0,3,0,1,1,0,4
11.859694955109878,15,1,4,1,0,0,0,2
18.719883580035557,18,0,3,0,0,0,0,4
13.56245003073293,14,0,2,0,0,0,0,3
8.288596249340731,25,0,2,0,1,0,0,4
13.790684178108304,13,0,3,1,0,0,0,3
6.879592726327404,19,1,1,0,0,0,0,4
5.545168326983722,9,1,2,0,1,0,0,2
19.933665558693598,20,0,2,0,0,0,0,4
15.015804623595754,11,0,3,0,1,0,1,3
12.894399547636352,27,0,3,0,1,0,0,4
7.105792864386375,0,0,2,1,1,1,0,0
0.9832165831009632,20,0,1,1,0,1,0,4
0.6211375207031122,16,1,4,0,0,0,0,4
11.083625108975976,8,1,0,0,1,0,0,3
15.240654420781022,22,0,0,1,0,1,0,4
10.7475838088771,18,0,2,0,0,1,0,4
16.81570143878229,24,0,3,0,1,1,1,4
0.6685306618644327,17,0,3,1,0,0,0,4
7.335041528518802,27,0,4,1,1,0,0,4
4.741407823483561,6,0,1,0,0,1,0,3
8.94545936314244,8,0,2,0,0,1,0,3
1.4475278638824496,21,0,1,0,0,0,0,4
19.08263283142145,25,0,3,0,0,1,0,4
4.465108021387218,20,0,2,1,0,0,0,4
18.44615550967169,11,0,0,0,1,0,0,3
8.517863100733635,6,1,3,1,0,0,0,1
19.71048266510436,13,1,2,0,0,0,0,3
11.081167669204214,14,1,2,0,1,0,0,4
18.616657283516147,14,0,3,0,0,1,0,3
0.1069797738844569,5,0,1,1,0,0,0,3
14.964776123618002,20,0,1,1,1,1,0,4
18.061013062050307,13,0,1,0,0,1,0,3
2.794411339579081,1,1,2,0,1,0,0,1
1.9225170346430296,7,0,1,1,1,0,0,3
8.491452143719112,12,0,3,0,1,0,0,3
18.673578122658704,22,0,1,0,1,0,0,4
10.847731203808774,5,0,4,0,0,0,0,2
10.549129274434645,4,1,1,0,1,0,0,1
2.8225223659864374,4,0,1,1,1,0,1,2
0.0157902218643757,24,0,1,0,0,0,0,4
16.202801814909225,0,0,3,1,0,0,0,0
1.7514912597247645,8,1,2,1,1,0,0,2
12.67699637470648,5,0,3,1,0,1,0,1
18.29232909030383,19,0,3,0,1,0,0,4
4.17303826316862,25,0,4,0,0,1,0,4
13.305456724738216,29,1,3,0,0,1,0,4
1.5739715341501892,6,0,0,0,0,1,0,3
12.07510287675226,8,0,3,1,0,0,0,2
3.278634419064055,4,1,4,1,0,0,0,1
14.71907121030356,13,1,4,1,0,0,0,2
6.024625895878164,4,0,1,0,0,0,0,3
9.267820176092926,7,1,3,0,1,1,0,1
11.988610840552434,6,0,1,0,0,0,0,3
3.425468213324792,12,1,1,1,1,1,0,2
14.832756372352415,12,0,3,0,0,0,0,3
6.052806812736291,7,0,4,0,0,0,0,2
13.24743719825507,10,1,2,0,0,0,0,3
3.165661013987473,27,1,3,1,0,0,0,4
13.762353184127004,25,0,0,1,0,0,0,4
2.563761456209235,17,1,0,1,0,0,0,4
8.507129925399672,24,0,2,1,0,0,0,4
4.944121474777536,18,1,2,0,0,0,0,4
14.96750498856365,5,0,3,0,0,0,0,1
5.240700090137491,21,0,2,0,1,0,0,4
17.634346127907925,1,0,2,0,0,0,1,1
17.836404228132256,27,0,2,1,1,0,1,4
3.928826304455717,12,0,1,0,0,0,0,4
12.276918900154485,22,0,4,0,0,0,0,4
1.7543528343992865,24,0,2,0,0,0,0,4
7.830741992032584,27,1,2,0,0,0,0,4
14.266434590025446,25,0,3,1,1,0,0,4
13.188464936998326,10,0,2,0,0,0,1,3
12.49401338813216,0,0,3,0,0,0,0,0
5.650817273248872,23,0,1,0,0,0,0,4
7.560498988688041,1,0,1,0,0,0,0,3
2.058922894005724,29,0,4,0,1,0,1,4
14.38045640867202,16,0,3,0,0,0,0,4
10.077775935825471,7,0,2,1,0,0,0,2
14.175312646913092,1,0,3,0,0,0,1,1
4.978870495937455,5,0,4,0,0,1,1,2
6.488764572701324,21,1,1,1,0,0,1,4
6.684306745202293,4,0,0,0,0,0,0,3
0.514848194944324,15,1,2,0,0,1,0,4
6.82095745661247,7,0,1,1,1,0,0,3
16.06609147036067,18,1,1,1,0,1,0,4
17.94596991499477,15,0,3,1,0,0,0,3
10.364366312718548,12,0,0,0,0,1,0,4
9.110033904384403,25,1,3,0,0,0,1,4
0.6164923739874051,19,0,2,0,1,0,1,4
17.584086751707652,6,0,2,0,0,0,0,2
0.2602042685174544,15,0,3,1,1,1,0,3
18.89500160420424,22,1,2,0,0,0,0,4
9.784324973761812,15,0,1,0,0,0,1,4
6.838689871494532,28,0,1,1,0,0,0,4
18.484368696853203,11,1,3,1,0,0,0,2
0.4878198622019347,13,0,1,1,0,0,0,4
11.628497897381742,23,1,0,1,0,0,1,4
10.978650489986752,17,0,4,0,0,0,0,3
4.3864080242276415,26,1,4,1,1,0,0,4
8.577748627004212,27,0,2,0,1,1,1,4
13.045280118875404,17,0,0,0,0,0,0,4
14.54262393763855,15,0,3,1,0,1,0,3
0.0143371741315956,19,0,3,1,0,0,0,4
18.737068601820305,15,0,1,1,1,0,0,3
3.290507447856248,12,0,1,1,0,1,0,4
4.671608684447184,25,0,3,1,0,1,0,4
5.269468913876965,28,0,4,0,0,0,0,4
0.7564027310407062,8,0,3,1,0,0,1,2
2.4610424718064983,25,0,1,1,1,1,0,4
19.72699845888324,27,0,2,1,1,0,0,4
6.304334747545721,8,0,3,0,0,0,0,3
2.306021806780987,12,0,1,0,0,0,0,4
2.1398252234924664,28,0,1,1,0,1,0,4
14.389199353399436,3,1,1,0,0,0,0,1
17.091373280652817,8,0,2,0,0,0,0,2
5.139045990169397,14,0,2,0,0,0,0,4
0.4181902467046994,13,0,3,0,1,0,0,4
4.461800368907117,18,1,3,1,1,0,0,4
1.130313815935147,11,0,4,0,0,1,0,3
2.0678987326008302,20,1,3,1,0,0,0,4
8.630162396952848,25,0,1,0,0,0,1,4
4.598367417232652,24,1,2,0,1,1,1,4
10.318917570508468,5,0,2,0,1,0,0,2
5.069875065143807,2,0,0,1,0,1,0,2
18.810746022058957,25,0,4,0,1,0,0,4
18.11887935852529,24,1,0,1,1,0,0,4
11.33612210020932,21,1,2,1,0,0,0,4
7.088479839747723,19,0,2,1,0,1,0,4
7.622937640694712,15,0,2,1,0,1,0,3
8.237045662889939,29,0,3,0,0,0,1,4
14.55158644269888,19,0,2,0,0,0,0,4
9.03277991037676,23,0,1,0,0,1,0,4
17.13459893011795,22,0,1,0,0,0,0,4
18.88189571860729,16,1,4,1,1,0,0,3
6.718923067578677,15,0,1,1,0,0,0,4
11.213889627513602,5,0,1,0,0,1,0,2
1.9011307366512888,7,0,2,0,0,0,0,3
4.009380955327179,18,1,1,1,0,0,0,4
8.269315334203203,29,1,2,0,0,1,0,4
4.1240543180355775,24,0,3,1,0,0,0,4
17.53120981577435,25,1,3,0,0,0,0,4
3.165725121181961,1,1,3,0,1,0,0,2
9.11321643106184,13,0,1,1,1,1,0,3
12.113984809197513,21,0,2,0,1,0,0,4
13.837278163216888,11,1,0,1,0,0,0,3
7.661387394530134,16,0,0,1,0,0,1,4
17.381981374494572,27,0,2,1,0,0,0,4
11.36638302155851,26,0,1,1,1,1,0,4
8.790155608951036,14,0,3,0,0,0,0,3
1.3448126810407324,17,1,3,1,1,0,0,4
9.2937893689033,15,0,3,1,0,0,1,4
16.414716816314606,12,0,3,1,1,0,0,2
12.29082036442631,20,1,0,1,1,1,0,4
16.643249074582368,16,0,2,1,0,0,0,4
9.880233411986111,7,0,1,0,1,0,0,3
2.369234101889637,0,1,2,1,0,0,0,1
0.2727969167176214,28,0,1,1,1,0,0,4
6.064390934371824,24,0,0,1,1,0,0,4
13.95980942995585,25,0,2,0,1,1,1,4
15.805198078833875,26,0,3,1,0,0,0,4
5.915056692406589,2,1,3,0,0,0,0,1
9.91307841766494,15,0,2,0,1,0,1,4
8.422378088681633,27,0,2,1,1,1,0,4
8.210455687028556,1,0,2,1,0,0,1,2
4.62697426400301,14,0,3,0,0,0,1,4
2.7274221005891675,0,1,0,1,0,1,0,0
3.9337711646242624,8,1,3,0,1,0,0,2
1.106647743266922,15,1,2,0,1,0,0,4
3.962614836471541,3,0,1,0,0,1,1,3
0.1840179525075891,11,1,0,1,0,0,0,4
12.545168012719564,0,0,1,0,0,0,0,2
6.327508147753658,0,1,2,0,0,0,1,1
19.46289422853817,6,1,3,1,1,0,0,0
3.874341015525957,17,0,2,0,0,0,1,4
6.916571406191878,22,0,2,1,0,0,0,4
7.156823172830665,27,0,4,1,1,0,1,4
0.1690299212492108,22,0,1,1,0,0,0,4
16.78415906078918,14,1,1,0,0,0,0,3
0.6398892028864944,25,0,2,0,1,0,0,4
18.803596694584822,29,0,3,1,0,0,0,4
17.841487021872414,24,0,3,0,1,0,0,4
10.710438321719272,12,1,2,0,0,0,0,3
10.871911498225842,15,0,4,0,1,1,0,2
13.075558459123126,6,0,3,0,0,0,0,2
7.7410002386977395,15,0,0,1,0,0,0,4
12.94444566795711,12,0,3,1,0,1,1,2
0.8953677737697374,13,0,0,0,1,0,0,4
1.0809525469945314,16,1,3,0,1,0,0,4
9.144608392390888,11,0,1,1,0,0,0,3
10.9924460221207,28,0,3,0,0,0,0,4
17.75635280671638,23,0,2,1,0,0,0,4
2.093212678157925,23,0,3,0,0,0,0,4
16.452958543877788,19,0,2,1,1,0,0,4
4.200946745841392,12,0,3,1,0,0,0,3
7.881672970200637,23,0,1,0,1,1,0,4
6.332048696548258,19,0,4,0,1,0,0,4
8.00310545730798,14,0,3,0,0,0,0,3
3.009909961451711,23,1,1,1,1,0,0,4
10.0714014880711,20,0,4,0,0,0,0,4
16.032851796627344,3,1,2,1,0,0,1,0
8.830680207577938,21,1,3,0,1,0,1,4
9.812271517963982,1,0,3,1,0,0,0,1
16.975351705626284,27,1,0,1,0,0,1,4
14.121162292760616,17,0,4,0,1,0,0,3
9.809088170395697,1,0,2,0,0,0,0,1
5.153912963783593,24,0,1,0,0,0,0,4
17.698534936899332,14,0,3,1,1,0,1,2
11.540408033811168,29,0,3,0,0,0,0,4
4.422952202213867,25,0,0,0,1,0,0,4
5.382395052760208,18,0,1,1,0,0,0,4
16.06266177872492,14,0,3,0,0,0,0,3
0.8829112417491092,25,0,0,1,1,1,0,4
19.8418437405764,19,0,4,0,0,0,0,4
2.607033594295836,9,0,3,0,1,0,0,2
15.921370507938748,27,0,2,0,1,0,0,4
7.895506335433657,23,0,2,1,1,0,1,4
9.844323665749338,19,0,2,0,0,1,1,4
17.613011549291556,10,1,2,1,0,0,0,2
8.258223791784264,25,1,3,0,1,1,1,4
10.74987507346469,9,0,4,0,0,0,1,2
0.9859932481833988,28,1,2,1,0,1,0,4
0.046949477349063,22,0,2,0,0,0,1,4
4.895997460034518,4,0,1,0,0,0,0,3
13.611661858375346,8,1,3,0,0,0,0,2
2.425297867182734,19,0,3,1,1,0,0,4
2.2752391760909885,18,1,3,1,0,0,0,4
8.219212160718065,12,0,0,0,0,0,0,4
12.95674077216453,17,0,3,0,1,0,0,3
14.24143984495861,16,0,2,1,0,0,0,4
3.569013481967496,26,0,3,1,1,0,1,4
1.591762947440849,5,0,3,0,0,0,0,2
18.807940678910885,9,0,3,1,1,0,1,2
5.213327651242034,1,1,2,0,0,0,0,2
17.066929952174476,23,0,3,0,1,0,0,4
17.269829009256366,5,0,0,0,0,0,0,3
15.450451835250888,27,0,3,0,0,1,0,4
3.3766721330514016,27,1,0,0,0,0,0,4
16.436029185084006,20,0,2,1,1,0,0,4
15.385011184831734,12,0,1,0,0,0,0,4
11.934459802124342,17,1,3,0,1,0,0,3
6.744040703379055,6,0,2,0,0,0,1,2
5.250172085330882,1,0,3,1,0,0,0,1
2.4377842416071798,28,1,3,1,0,0,0,4
10.195141338017429,13,1,3,0,1,0,0,3
11.705217510196931,4,0,1,0,1,0,0,3
7.186779810315745,17,0,3,0,1,0,0,4
9.507181353617373,10,1,2,0,1,0,0,3
7.270289147385334,9,0,0,0,0,0,0,3
12.820121146414024,10,1,1,0,1,0,0,3
18.025184155931267,26,0,1,1,0,1,0,4
3.278405240938897,1,0,0,0,1,0,0,2
7.628176198062468,14,0,2,0,0,0,0,4
2.8173720790172263,6,1,0,0,1,0,0,2
12.49887540815664,8,1,2,1,0,0,0,2
14.577410189771916,4,0,1,0,0,0,0,3
18.63825465194912,6,1,1,0,0,1,0,2
5.577438525219298,19,0,4,1,0,0,0,4
19.004224117308603,1,0,2,0,0,1,0,1
1.265253436413496,2,1,1,0,1,0,0,1
12.060277267291765,1,1,2,0,1,1,1,1
1.1426543868665997,20,1,1,1,0,0,0,4
17.875483755238896,21,1,0,0,0,0,0,4
10.596181141401082,22,0,0,1,0,0,0,4
13.38696701525592,18,0,4,0,1,1,0,3
16.63147851820905,3,1,3,0,0,0,0,1
3.006212449679375,23,0,3,1,0,1,0,4
0.7718312387626769,19,0,4,0,0,0,1,4
17.577622918257042,6,0,4,0,0,0,0,2
6.29866454917865,27,0,3,0,0,1,0,4
2.5795781585433053,21,1,3,1,0,1,1,4
9.36922474174173,6,0,2,0,0,0,1,2
11.966121513920376,16,1,1,0,0,0,0,4
0.6194120684502025,18,0,2,0,0,1,0,4
5.497913165141755,21,0,2,0,0,0,0,4
0.6559974855379203,15,0,4,0,0,0,0,4
8.40670778390998,2,0,2,0,0,1,0,1
17.902000581324884,14,0,3,0,0,0,1,3
19.653048229871384,13,0,2,1,1,0,0,2
12.740951070072551,14,0,1,0,0,0,0,4
3.232753875691836,13,0,2,0,1,0,0,4
18.11698779998612,6,0,2,1,0,0,0,2
10.32495646400121,24,0,2,1,0,0,0,4
3.074986242058362,2,0,2,1,0,0,0,1
18.434533389033227,29,0,1,0,0,0,0,4
15.14938101446206,16,1,2,1,0,0,0,4
14.63410545446303,9,0,3,1,1,0,0,2
14.183614075888094,14,1,2,0,1,0,0,3
4.006796421928847,28,1,2,0,0,0,0,4
4.220133834150522,5,0,0,0,0,0,0,3
13.7658599685451,27,1,1,1,0,1,1,4
4.394455002207938,16,0,2,0,0,0,1,4
8.773433936060977,16,1,2,0,1,0,0,4
15.640036511878828,13,1,2,0,0,0,0,4
15.679050361956818,23,0,3,1,1,0,0,4
9.065235450517193,24,0,1,0,0,1,0,4
15.843798765504902,17,0,0,1,0,0,0,4
16.772435923961137,24,0,2,1,0,0,0,4
13.095515025685206,4,0,2,0,0,0,0,3
4.568517046168403,28,0,2,0,0,1,0,4
5.48023560771095,7,0,3,0,0,0,0,3
6.296823108174707,6,0,3,1,0,0,0,1
2.33608215467904,22,1,1,1,0,0,0,4
5.463192407398902,3,1,4,1,0,0,0,0
4.190384486250642,17,0,1,0,0,1,0,4
9.106574996172045,4,0,3,0,1,0,0,1
18.168750957445297,15,0,3,0,1,0,0,3
2.0896063350791616,13,0,3,0,0,0,0,4
14.405358478947912,26,1,1,1,0,0,1,4
13.745660088262554,26,0,2,0,0,0,0,4
1.9150839732671527,18,0,2,0,1,0,1,4
18.451448098116,13,1,1,0,0,0,0,2
11.369444043136392,8,1,0,0,0,0,1,3
7.274510422713685,5,0,2,0,0,0,0,2
15.130771669906132,16,0,2,0,1,0,0,4
5.147309168032681,18,0,3,1,0,1,0,4
13.870196740926408,11,0,1,0,0,1,0,4
0.7942241514449444,3,1,3,1,0,0,0,2
16.78816075218544,15,0,1,0,0,0,0,4
8.96341694042637,24,0,3,1,1,0,0,4
12.733858287158837,10,1,2,0,0,0,0,2
4.424756396133674,21,1,2,1,1,1,1,4
13.54147425316896,3,1,3,1,0,0,1,1
15.444805517865532,16,0,1,0,0,0,0,4
9.464263737687975,7,0,1,0,1,0,0,3
12.354538481235886,13,0,2,0,0,1,0,4
9.126518476447972,26,0,1,1,0,1,0,4
17.88182738515691,1,0,2,0,0,0,0,1
9.957383610286383,10,0,1,0,1,0,1,4
16.83617418057638,10,0,3,0,0,0,0,3
16.02704116540497,23,1,3,1,1,0,1,4
8.21009642696713,21,0,0,1,0,1,0,4
4.6016898371495,23,1,3,0,1,0,0,4
8.121642651195419,5,0,2,0,0,0,0,2
16.524347515504402,20,1,2,1,0,0,0,4
4.552650716387847,20,0,2,1,0,0,0,4
10.488726917154986,13,1,3,0,1,0,1,3
16.12193495921495,29,0,2,0,1,1,0,4
7.069549502567575,9,0,3,1,0,0,0,3
12.844192740053948,25,1,1,0,0,0,0,4
4.912631480976291,26,0,4,0,0,0,0,4
2.1855889073631984,7,0,3,1,0,0,0,3
15.887684501857128,6,1,1,0,0,1,1,2
1.9793724681741365,7,1,3,1,0,0,0,2
5.427627901591691,27,0,2,0,0,0,0,4
17.1021884399488,7,0,1,1,0,0,0,2
6.929385741573344,22,0,1,0,1,0,0,4
19.46090699028322,1,0,0,1,0,0,0,1
19.594686695477197,26,1,3,0,0,0,0,4
5.365520409071134,15,0,2,0,0,0,0,4
0.819564444997809,8,0,2,0,0,0,1,3
14.101265684107585,12,1,1,1,0,0,0,3
9.019730052966874,22,0,2,0,0,0,1,4
2.0150568791915258,11,0,2,0,0,0,0,4
14.150456379560856,26,0,3,0,0,0,0,4
0.6234981822384245,21,0,4,0,1,0,0,4
17.403933809844844,24,0,2,1,0,0,1,4
2.7730505822660745,28,0,2,1,0,0,0,4
2.5462375749345,16,0,2,0,1,1,0,4
3.5134459593716905,26,0,3,0,0,0,1,4
19.205327169841333,1,0,1,1,0,0,0,0
13.86338720507692,12,0,2,1,0,0,0,3
16.027430709272735,0,0,3,1,0,0,0,1
7.95269971465506,25,0,0,0,0,0,0,4
6.726254550099111,27,0,1,0,0,0,0,4
4.689680135663399,18,0,3,0,1,0,0,4
9.612960566248178,10,0,1,0,0,0,0,4
11.03657467068337,4,0,2,1,0,0,0,2
12.635496873055107,0,1,2,0,0,0,0,0
5.14237007997389,19,0,2,0,0,1,0,4
18.97308161805981,29,1,1,1,0,0,0,4
3.395169964142717,12,1,4,0,1,0,0,2
19.313063495328247,7,0,0,1,1,0,0,2
0.2971224501500757,5,0,3,0,0,0,0,3
9.622513836336912,28,1,0,0,0,0,0,4
6.667356762331256,16,0,2,0,1,0,0,4
8.982468278605015,11,1,1,0,0,0,0,3
11.41329157961578,0,0,1,0,0,0,0,1
8.71178316025418,2,0,1,0,0,0,0,2
8.2969370060319,13,0,2,0,1,0,0,3
14.65446830826613,25,0,2,1,0,0,0,4
13.717525501729291,7,0,1,0,1,0,0,2
16.665425640716958,10,0,4,0,0,0,0,2
4.999179624789911,26,1,1,0,0,0,0,4
12.190570195081271,13,1,2,0,0,0,0,3
11.703895707857075,7,0,1,0,0,0,1,2
7.394756217453775,28,1,2,0,1,0,0,4
9.721150838053616,2,1,3,0,0,0,0,1
6.275642866114575,6,1,2,0,0,1,0,2
2.836887952339704,27,0,1,0,0,0,0,4
4.276024213254656,18,1,1,1,0,0,1,4
2.1102729280240218,3,0,3,0,0,0,0,3
13.661391503802482,24,0,1,0,0,0,0,4
13.21454786218303,15,1,2,1,0,1,0,3
19.012127431597456,12,0,1,1,1,0,0,3
14.593568272944824,19,0,1,1,0,1,1,4
1.040916775122629,18,1,1,0,1,0,0,4
17.684903478579084,4,0,3,1,0,0,0,1
17.253503258914517,22,1,3,1,0,0,0,4
8.866406415453973,4,1,2,1,0,0,0,1
11.717261010558431,19,0,1,0,1,0,0,4
19.521566649450374,23,0,2,0,0,1,1,4
10.646087276963325,3,1,2,1,1,0,0,1
18.1064365675218,1,0,2,0,0,1,1,0
1.6607751562037287,25,1,0,0,0,0,1,4
3.821037374173657,12,1,4,0,0,0,0,3
8.815098868826357,29,0,2,0,0,0,0,4
11.695136166746094,15,0,4,0,0,1,0,3
16.324557037256003,21,1,0,0,1,0,0,4
19.765242302863737,1,0,1,1,1,0,0,0
7.777029929482328,18,0,1,0,1,0,0,4
0.9483127228016984,16,1,3,0,1,1,0,4
16.023430065906496,4,1,2,1,1,0,0,1
12.087614381656165,24,0,3,0,1,0,0,4
3.970857177364033,17,0,3,0,0,0,0,4
9.896569132428404,27,0,3,0,0,1,0,4
14.846204910674489,22,1,3,0,0,0,0,4
15.408235741372875,20,1,3,0,0,0,0,3
9.99236823997524,17,1,3,1,1,0,0,3
6.104290602577183,7,0,2,1,0,0,0,3
19.47485164076987,26,1,3,1,0,0,1,4
13.267252219129857,14,1,3,0,0,0,0,2
8.164750386925974,12,0,2,0,0,0,0,4
5.609264484093048,12,0,4,0,0,0,0,3
14.622059660071242,15,1,0,0,0,0,0,4
4.843668911875354,21,0,2,0,0,0,0,4
3.4341997794737638,19,0,1,1,0,1,0,4
10.596677779241404,12,0,1,0,0,0,1,4
5.799747852882837,19,0,3,0,0,0,1,4
12.5781028984723,1,0,4,0,0,0,0,1
2.3587734974846697,2,0,3,0,0,0,0,2
13.098822091346433,14,1,4,1,0,1,0,2
5.665930559954044,22,1,1,1,1,0,0,4
0.0048586886902546,18,1,1,0,0,0,0,4
2.5387211534835274,12,0,2,0,1,0,0,4
18.67230755670188,4,1,3,1,1,0,1,0
17.347092782307158,25,1,0,1,1,0,0,4
4.672180640724736,21,0,4,1,0,0,0,4
15.567438090909825,5,0,3,0,0,0,1,1
12.171431863479484,13,0,4,0,0,0,1,4
19.41809422899739,3,1,2,0,0,0,0,1
7.472113190681182,21,0,2,0,1,1,0,4
13.629212250343423,18,1,3,1,0,0,0,4
1.2707144484783717,22,0,3,0,1,0,0,4
7.924946936328119,6,0,1,0,1,0,0,3
19.27635322376361,3,1,4,0,0,0,0,0
10.779617489002412,1,0,3,1,0,1,0,1
5.757590066696892,26,0,0,0,0,0,0,4
2.405419262572137,6,1,1,0,0,1,0,2
14.070566803630609,2,1,2,1,0,0,0,1
12.897120868594536,14,0,2,0,1,0,1,3
7.478774272075492,0,0,3,0,0,0,0,1
19.018827037316687,1,0,0,0,0,0,0,2
0.4440562597570063,9,1,3,1,0,0,0,3
6.074477032636516,15,0,3,1,0,1,0,3
18.421389725991627,24,0,1,1,0,0,1,4
6.418708766388807,27,0,2,1,0,1,0,4
5.045056677103408,14,1,1,1,0,0,0,4
10.684408198624949,23,1,1,1,0,0,0,4
16.476034998410757,14,1,2,0,0,0,0,4
2.062935217567221,13,0,4,1,0,0,0,3
18.860414192914725,21,1,1,0,1,1,0,4
15.90145762362328,13,0,2,1,0,0,0,4
3.625005111031039,5,0,1,1,0,0,0,2
14.240159223963254,13,1,1,0,0,0,0,3
7.6991744527511425,16,0,2,0,0,1,0,4
8.045893561526373,17,0,3,0,1,0,0,4
15.665801848777328,19,1,0,0,1,0,0,4
19.255696159614644,18,0,4,0,0,0,0,4
2.5331174569438786,29,0,0,0,1,0,0,4
8.412604737576387,16,0,3,0,1,0,0,4
9.61883216168607,15,0,3,1,0,0,0,3
7.526236339099952,7,1,2,0,1,0,0,1
7.2637824743245,6,0,1,0,0,0,0,3
1.0453733512319308,19,1,2,0,0,1,0,4
13.710772411252464,27,0,3,1,1,0,0,4
8.724288342400907,11,0,3,0,0,1,0,3
3.8958760528785352,8,0,2,0,1,0,0,3
16.320670046041368,26,1,2,0,0,0,0,4
16.051214963032557,13,0,3,0,1,0,0,4
9.727832561777875,19,1,4,0,0,0,0,4
5.96901322295521,0,0,3,0,0,1,0,0
12.761854515929048,9,1,3,0,0,1,0,2
5.763042715548061,16,1,2,1,1,0,0,4
4.720158606474241,16,1,3,1,0,1,0,4
14.610293080526532,16,1,3,0,0,0,1,4
0.806504794419014,3,0,3,1,0,1,1,1
1.8953694206918792,16,1,2,0,0,0,0,4
0.1357634804717955,17,0,2,0,1,1,1,4
3.058863729508523,19,0,2,0,0,1,1,4
1.3798001742091892,22,0,2,0,0,0,1,4
19.916047355598373,1,0,2,0,0,0,0,1
5.776199399081792,7,0,3,1,0,0,0,2
2.985360253384945,12,0,2,1,0,0,0,4
4.819925159918359,22,0,1,0,1,1,0,4
18.72251143080269,24,0,3,0,1,0,0,4
10.403204460487911,29,0,3,0,0,0,0,4
7.296361926157138,21,1,2,0,0,0,0,4
17.467829158184387,19,1,1,0,1,0,0,4
7.899805410980649,21,1,4,1,0,0,0,4
6.700171399153916,14,0,3,0,0,0,0,4
4.145650450994712,19,0,1,1,0,0,0,4
7.555936478188229,22,1,0,0,0,0,0,4
6.333687120338521,8,1,2,1,0,0,0,2
13.54607918596282,2,1,3,1,1,0,0,0
5.791654093414542,2,0,1,1,0,0,0,2
11.543994928451228,1,0,2,1,1,0,0,1
1.317843300639454,0,1,2,0,0,1,0,0
3.8257831339302872,13,0,3,0,0,0,0,4
8.148105432226975,16,0,2,1,0,1,0,4
18.738985078173908,12,1,2,0,1,0,0,3
7.545039714313908,18,1,4,1,0,1,0,3
13.281482423996682,29,0,1,0,0,0,0,4
5.101744448427963,22,0,1,0,1,1,0,4
2.5406715194646345,14,1,3,0,1,1,0,2
1.1707320016010023,26,0,1,1,1,0,0,4
6.1082699708550265,24,1,3,1,0,1,0,4
3.1532205359381598,13,1,0,0,1,0,0,3
3.480208960322484,1,1,1,0,0,0,0,1
15.215186167739,6,1,4,1,1,0,0,0
0.3167614188974843,16,0,2,1,1,1,0,3
11.156202514708689,17,0,3,0,1,1,1,4
7.589227611869296,5,0,1,1,1,0,0,2
10.130999998170944,26,0,1,0,0,0,0,4
11.256604744292058,20,0,3,0,1,1,0,4
6.267353889145564,7,0,2,0,0,0,0,3
5.902177203685706,27,1,2,1,1,1,0,4
14.668036986698114,26,0,0,1,1,0,0,4
17.425539762423142,1,0,2,1,0,0,0,1
3.8516326491705577,0,0,3,1,0,0,0,1
1.952375210702979,15,0,3,0,1,0,0,4
17.955916127840517,6,0,3,1,0,0,1,2
6.9979092729479735,21,0,3,0,0,0,0,4
11.026347813256285,23,0,2,1,0,0,0,4
7.190862890400069,10,1,2,0,0,0,0,3
2.5160467269210263,14,1,3,1,0,0,0,3
11.78663289895456,12,1,1,1,0,0,0,3
10.502817035392592,29,0,1,1,0,0,0,4
4.059871183823944,23,0,4,1,1,0,0,4
9.037380893045556,1,0,0,0,0,0,0,2
15.938950080312916,13,0,1,1,0,0,0,4
11.808522062157827,23,0,2,0,0,1,0,4
1.938346541339897,5,0,3,1,0,0,0,2
10.9604299445827,8,1,2,1,0,1,0,1
14.054765985791738,27,0,2,0,1,0,0,4
15.854068115615028,6,0,4,1,0,1,0,1
12.582351572685337,17,0,3,0,0,0,0,4
3.0531632908156747,23,0,3,1,1,0,0,4
14.203465331803214,8,1,0,1,0,1,0,3
13.546836921630328,22,0,1,0,0,0,0,4
0.4885376588126644,3,0,2,0,1,0,0,1
8.234953351804863,8,0,1,0,0,0,0,3
6.659004939247466,3,0,0,1,1,0,0,2
13.38824128507287,11,0,1,1,0,1,0,3
4.322716246218414,3,1,2,0,0,1,0,1
11.817438459485173,24,1,3,1,1,0,0,4
18.26411923628345,29,1,3,0,0,0,0,4
15.956047444172157,23,0,0,0,0,1,0,4
18.42915472433061,19,0,2,0,1,1,0,4
19.5701193386538,13,0,1,0,0,0,0,3
0.2134025401232553,23,1,2,0,1,0,0,4
12.454825527549552,23,1,2,0,1,0,0,4
8.25678795517813,6,1,2,0,0,1,0,1
17.197089806702436,25,0,3,1,0,0,0,4
5.036294040182634,12,0,3,0,0,0,0,3
19.62058978230152,21,0,3,0,1,0,0,4
12.274159390874946,7,0,3,0,0,1,0,3
15.87074804457662,22,0,3,0,0,1,0,4
1.7119910564553664,4,0,3,0,0,0,0,2
3.669157695177301,11,1,2,0,0,0,0,4
15.168073460684065,12,0,2,1,0,1,0,3
0.4397304407864721,28,0,3,1,1,0,0,4
16.337559717875656,19,0,0,0,0,0,0,4
0.278980373838229,13,0,3,0,0,0,0,4
13.142376781225469,27,1,4,0,1,0,0,4
7.301878404636117,17,0,3,0,0,0,0,4
12.229897054383985,26,0,0,1,1,0,0,4
13.920628139782274,23,1,2,1,0,0,0,4
6.849504383726083,24,0,3,1,0,1,0,4
2.159248962216711,19,0,4,0,1,0,0,4
1.3929173549653129,3,1,2,1,0,0,0,1
11.778720451250956,20,1,3,0,0,0,0,4
10.41310707468223,17,0,3,0,0,0,0,4
14.84402018242265,6,0,1,0,1,1,1,1
10.194710200078742,14,0,3,1,1,0,1,3
8.448915800617582,20,1,2,1,0,0,0,4
7.9617435647246175,5,0,2,0,1,0,1,1
0.5289380519533493,15,1,2,0,0,0,0,4
6.711144033933143,19,1,3,1,0,0,1,4
19.520403150489884,23,1,3,1,1,0,0,3
17.471111524541776,7,0,2,0,1,0,0,1
6.587561340684354,27,0,3,1,0,0,0,4
11.755908101327444,20,0,3,0,0,0,0,4
16.94593491070988,15,1,3,1,0,0,0,3
8.825486735001373,27,0,2,0,1,0,0,4
0.3591572750030192,21,0,0,0,1,0,1,4
1.4902092363728014,15,0,2,1,0,1,0,4
10.207854426974132,2,0,3,1,1,0,0,0
19.388787513517567,16,0,1,0,1,0,0,3
13.864190844377354,8,0,4,0,1,1,0,1
1.4183238287713906,24,0,3,0,0,0,0,4
3.787217515837256,2,0,3,0,0,0,0,2
15.426462864337,19,0,3,1,0,1,1,4
16.828795199124894,28,1,2,0,0,0,0,4
12.353891723771817,6,1,3,1,1,0,0,0
12.888463392596332,17,0,2,0,1,0,0,4
0.5667490076676929,11,0,3,1,0,0,0,4
16.57060519163017,18,1,3,0,1,0,0,3
15.765504163416592,15,0,3,0,0,0,0,3
5.180702882066943,21,0,3,0,0,0,0,4
14.17353439931014,26,0,0,1,0,0,0,4
4.297092128499962,23,0,0,0,0,0,0,4
0.8066032210302598,16,0,3,0,0,1,0,4
4.0227308518075455,19,1,1,1,0,0,0,4
3.57257753508599,14,1,2,1,1,0,0,3
6.754959934696945,0,0,2,1,0,0,0,1
8.368989943509161,1,0,0,0,0,0,0,2
10.170777829954158,7,0,0,0,0,0,0,3
9.535077510166564,21,0,3,1,1,0,0,4
5.413492119305787,24,0,3,0,0,0,0,4
0.5834133714814893,1,0,2,0,1,1,0,1
12.102032444743012,18,1,4,0,0,0,0,3
7.914896596947088,8,0,1,1,0,0,1,3
5.973443147750994,8,1,1,0,1,0,0,3
17.338820856610248,12,0,3,1,0,1,0,2
14.934866155963196,5,0,3,0,0,1,0,1
17.155310967448845,29,0,2,1,0,1,0,4
9.89965589424922,14,0,4,1,0,1,0,3
2.618625042535549,18,1,4,0,1,0,0,4
13.924428722425448,20,0,0,0,0,0,0,4
4.121475598743505,14,0,1,1,0,0,0,4
8.824593381834337,17,0,3,0,0,0,0,4
1.30001577897777,6,0,2,1,0,0,0,3
16.50616804845965,25,0,0,1,0,1,1,4
2.518812820950012,10,0,3,0,0,0,0,3
18.061950140986195,7,1,2,0,0,1,0,2
17.284612045231142,5,1,2,0,0,1,0,1
9.291655288784922,7,0,1,1,0,0,0,2
14.887364086079812,1,0,3,0,0,1,0,1
12.388901476363063,18,0,2,1,0,0,0,4
16.061512846754898,15,0,1,1,1,0,0,3
8.63610201571824,6,1,2,0,0,0,1,2
15.716169684887,9,1,2,0,1,0,0,1
9.24913634130296,11,0,4,0,0,1,0,2
18.819315756855875,16,0,4,1,1,0,0,3
9.727442016502952,6,1,1,0,0,0,0,3
9.25238543867459,21,1,3,0,0,0,0,4
15.701437231270257,7,0,3,1,1,0,0,2
16.43155383521676,6,0,3,0,1,0,0,1
11.089782286423414,3,0,2,0,0,0,0,2
3.595956269901508,2,1,0,0,0,0,0,2
9.35516461915159,18,0,3,1,0,0,1,4
19.36145005819357,14,1,1,0,0,0,0,3
15.059723860783702,3,0,1,0,0,0,0,2
16.223252077582643,24,0,3,1,1,0,0,4
0.6565099763848026,8,0,4,0,0,1,0,3
9.3571892526832,12,1,1,1,0,0,0,3
12.932422673151107,17,0,3,0,0,0,0,4
16.600653672561492,20,1,2,0,1,0,0,4
0.9854730716554294,15,0,3,0,1,0,0,4
17.048777712837463,0,1,2,0,0,0,0,1
10.968018734838234,3,1,1,0,0,1,0,1
3.946279411521199,17,0,1,0,0,0,1,4
6.345104328994,7,1,2,0,0,1,1,2
5.638591035031215,19,0,1,0,0,1,0,4
10.617180685769515,15,0,0,0,1,1,0,4
1.0337135982226364,20,0,3,0,1,0,0,4
3.1707231699984706,10,1,2,0,0,1,0,3
16.253860867515648,19,1,3,1,0,0,0,3
2.652079814936221,20,0,1,0,0,0,1,4
4.667925389162539,20,1,3,0,0,0,1,4
9.067412112083147,20,0,2,1,1,1,0,4
10.34241776226661,26,1,0,0,0,0,0,4
15.272209592283172,18,0,2,0,0,0,0,4
8.946648533323756,22,0,0,0,1,1,0,4
15.797292420710775,18,0,3,1,0,0,0,4
12.366926140909149,17,0,3,0,1,0,0,3
2.261994788476449,18,0,2,1,1,0,0,4
3.126628767856772,10,0,1,1,1,1,1,3
8.740674508995417,2,0,1,0,0,0,0,2
7.937787861780792,7,1,2,1,0,0,0,2
14.870885392745892,19,0,3,0,0,0,1,4
11.614742795947038,18,1,1,0,0,0,0,4
7.762661620044986,9,0,0,0,1,0,0,3
3.4152056690077126,15,0,2,1,0,0,0,4
4.536742046509903,4,0,2,0,0,0,0,2
11.51002036938118,19,1,1,0,0,0,0,4
8.46877609799585,8,1,2,1,1,1,1,2
10.29855017721344,7,0,2,1,0,0,0,2
3.4135487060446734,10,0,2,1,0,0,0,3
13.258125046891315,15,0,2,0,0,0,0,4
17.05077481711934,6,0,3,0,1,0,0,2
5.158790135738012,14,1,0,0,0,1,1,4
9.830284516636532,23,0,1,1,0,0,0,4
19.51054658041804,28,0,2,0,0,0,1,4
6.664834811014552,20,1,2,1,0,0,1,4
11.900926898475223,19,1,2,0,1,0,0,4
1.8039140040048876,22,0,3,1,1,0,0,4
12.120300049588865,16,0,3,1,0,1,0,3
1.7926354660923582,5,0,1,1,0,1,0,3
19.18470870647644,14,0,3,0,0,0,0,3
14.313253041446227,7,0,2,0,1,0,0,2
15.763195762714128,6,1,1,0,0,0,0,1
14.082087215432736,1,1,4,0,1,0,0,0
11.794580721529314,29,0,3,0,1,0,0,4
8.998255621710108,12,0,4,1,1,0,0,2
17.167467595221247,29,0,1,0,1,0,0,4
19.13671335086126,22,0,1,1,0,1,0,4
9.980723458081629,28,0,2,0,1,0,0,4
18.63070098310524,5,0,3,0,1,0,0,1
11.66665819977035,28,0,1,0,0,0,0,4
10.767683737928664,4,0,3,1,1,1,0,0
9.089654659107133,19,0,2,0,1,0,0,4
4.185755230602397,0,0,2,1,1,0,0,1
0.0743932163611837,28,0,3,0,0,0,0,4
4.830124537121225,17,0,3,1,0,0,0,4
10.194463432071304,14,0,0,0,0,0,0,4
7.599199045195051,22,0,4,0,1,1,0,4
8.969704560052676,9,0,2,1,1,0,0,2
19.61296439128099,2,1,0,1,0,0,0,0
7.005447413386552,4,0,3,0,0,0,0,2
9.043658787202158,23,0,4,1,1,0,0,4
2.6703110270563912,28,0,3,0,0,0,0,4
0.9591546487397528,12,0,3,1,0,1,0,3
15.508190291849893,7,1,3,0,1,0,0,1
11.413663501439572,21,1,4,0,0,1,0,4
15.2140961208779,20,0,0,0,0,0,1,4
2.9972559777310326,28,0,3,1,1,0,0,4
11.43657542365382,1,0,3,1,0,0,0,1
5.072849486827511,8,0,0,0,1,0,0,4
4.561236338000398,16,0,2,1,0,0,1,4
0.2305202810597051,26,0,2,0,0,0,0,4
2.606814471381438,17,0,3,1,0,0,1,4
6.185362229993907,12,0,0,0,0,0,0,4
2.337575211818781,0,1,3,0,0,0,0,1
19.71716880821875,11,0,1,0,0,0,0,3
6.172652970479014,19,0,2,0,0,1,0,4
2.6064789340465637,19,0,3,0,0,0,1,4
3.981646256559155,20,0,2,1,0,0,0,4
11.75406456682953,4,1,2,0,0,0,0,1
1.2808704772957702,7,0,0,1,0,0,0,4
17.248682602823138,26,1,3,1,0,0,0,4
19.229993584742942,14,0,4,0,0,0,0,3
4.934948413347618,26,1,4,0,0,0,0,4
9.001905371817188,2,1,3,1,1,0,0,0
0.4426890205899414,5,0,1,1,0,0,0,3
12.81420449454443,27,0,1,1,0,1,0,4
8.278521161051778,12,1,1,1,1,1,0,2
5.401169322031114,11,0,2,0,0,1,0,3
4.1367422123321695,18,0,1,1,0,0,0,4
13.080461553175208,28,0,1,0,0,1,0,4
8.32434062064629,17,0,3,0,0,0,0,4
3.5931857805982403,23,0,2,1,0,0,1,4
13.78218162973648,0,0,3,1,0,0,0,0
11.301445660733872,24,0,4,1,1,0,0,4
17.173441098589922,26,0,3,0,0,1,0,4
2.349517977529858,6,1,3,1,0,0,0,2
15.713332038889122,11,0,3,1,0,0,0,3
13.47033573634518,9,1,2,1,0,0,0,2
2.3002187365619564,28,1,0,0,0,0,0,4
13.896414597434417,11,1,0,1,1,0,0,3
8.830945777596607,10,1,1,0,1,1,0,2
18.899695711116863,3,1,3,1,1,0,0,0
2.8322270123579862,18,1,4,1,0,0,0,4
12.85666781631476,5,0,4,1,1,0,0,1
7.6396009092589185,24,0,0,0,0,0,1,4
19.136293411817554,8,1,4,0,0,0,0,2
6.59949790580553,19,0,2,0,0,0,0,4
19.243718189836,9,1,3,0,1,0,0,2
18.02971702201498,4,1,1,1,0,0,0,1
5.407664706213127,26,0,0,0,0,0,0,4
16.070835536528556,12,1,2,0,1,0,1,2
19.91208403607012,8,0,3,1,0,1,1,1
5.053260043425647,1,0,1,0,0,1,0,1
8.735543386466393,17,0,1,1,0,0,1,4
10.403614731335193,20,0,4,0,0,0,0,4
5.898622716077286,0,0,4,0,0,0,0,0
0.3052967929205952,23,0,0,1,0,0,0,4
4.402584883950533,20,0,3,0,0,0,0,4
5.638737686835169,11,1,2,0,1,0,0,3
8.871994026363744,9,0,2,0,1,0,1,3
3.4220495682680374,1,0,2,0,1,0,0,1
17.465087133833453,27,0,2,1,0,0,0,4
14.098222654626722,8,1,2,1,0,0,0,2
1.7040095511932396,1,1,2,0,0,0,0,2
13.001849022798629,22,0,2,1,1,0,1,4
13.073129528112409,23,0,3,1,1,1,0,4
19.124423472872557,29,1,3,1,1,0,0,4
0.0604174271232249,21,0,2,0,0,0,1,4
4.958648996116144,13,0,1,1,0,0,0,4
18.55582958750631,10,0,3,0,1,0,0,2
18.64267830796566,22,0,3,1,0,0,0,4
14.411728387412747,10,1,3,1,0,0,0,2
15.3152664209508,16,0,2,0,1,0,0,4
1.8296591585929425,3,0,1,0,0,0,0,2
10.277516695564673,12,0,3,0,0,0,0,3
4.631659825779988,6,1,2,0,0,1,0,2
3.624360872272345,15,1,4,0,0,1,0,3
16.20606598246665,0,1,3,1,0,0,0,1
2.7007627336109485,12,0,1,0,0,0,0,4
9.373032739927703,0,0,2,0,1,1,1,1
18.77156479172066,10,1,3,0,0,0,0,2
3.716641111306851,5,0,2,0,0,0,0,3
19.55986847476469,19,1,2,0,0,0,0,4
19.88575971522118,2,0,3,1,0,0,0,0
11.112343093648056,11,0,3,0,0,0,0,3
3.4028548035431583,4,0,1,1,1,1,1,2
6.322097758817913,8,1,2,0,0,0,0,3
8.489856653530703,25,1,4,1,0,0,0,4
6.186484487164458,25,0,4,0,1,0,0,4
5.612711597530316,11,0,3,1,0,0,0,3
19.44459418432715,29,1,4,1,0,1,0,4
3.067296548314913,29,0,2,1,0,0,0,4
14.666558174337244,27,1,2,1,0,0,0,4
0.0082057887834974,26,0,2,1,0,0,0,4
11.923653388047535,9,0,1,1,0,0,0,2
18.31886007908105,18,0,2,1,0,0,0,4
5.75868188186438,4,0,2,1,1,0,1,1
3.710519505154384,25,0,3,1,0,0,0,4
13.03359589756854,4,0,3,0,0,0,1,1
14.252028145967865,8,0,3,0,0,0,0,2
13.760610379039626,26,0,2,1,0,0,0,4
6.386337600427481,27,0,1,0,0,0,0,4
5.044048043186617,25,1,2,1,0,0,0,4
19.11837599924088,26,0,3,0,1,1,0,4
18.46599016539859,19,0,1,0,1,1,0,4
9.146332197856406,16,0,2,1,0,0,1,4
16.923877323087467,9,0,2,0,1,0,0,2
9.04646955268592,20,1,3,0,0,0,0,4
8.487780361450207,0,0,3,0,0,0,0,1
3.135258951985893,21,1,3,0,1,0,1,4
8.528121129839457,27,0,2,1,1,0,0,4
10.74833877199614,15,0,2,0,0,1,1,4
0.4500865485737293,25,0,1,1,0,0,0,4
8.882260103508129,25,1,1,0,0,0,0,4
15.627124367904006,14,1,1,1,0,0,1,4
13.600921127485396,22,0,1,0,1,0,0,4
12.7031397772787,16,1,1,0,0,0,1,4
18.19110856874405,25,0,1,0,0,1,0,4
0.3606401965046002,19,1,1,0,0,0,0,4
11.140951723844683,24,0,3,0,0,0,1,4
15.746976968194142,12,0,4,1,1,0,0,1
10.826707654025345,0,0,3,0,1,1,0,0
6.477911051607583,24,1,0,0,0,0,0,4
2.725011301839557,7,1,2,0,0,0,0,2
17.751261436323826,4,1,3,1,0,0,0,1
9.41524784775206,5,1,1,0,0,0,0,1
17.562303939714027,22,0,3,0,0,0,0,4
11.717042448663369,19,1,2,0,0,0,0,4
13.483842332300016,29,1,4,1,0,0,0,4
16.085223087569002,13,0,3,1,0,1,0,2
13.183110892002688,21,0,3,0,1,0,0,4
7.961096813578754,22,0,3,0,0,0,1,4
10.27266767857302,10,1,1,0,1,0,1,2
16.060910493517596,5,1,1,1,0,0,0,2
7.473005927459684,10,1,2,0,1,0,0,3
7.762429135369942,12,1,1,1,0,0,0,4
1.913802321160023,11,1,1,0,1,0,0,3
18.291688704434957,21,1,2,0,0,0,0,4
1.8207262989088344,1,1,3,0,1,1,0,0
12.964183548971118,20,0,0,1,1,0,0,4
8.263889576055954,2,0,1,1,0,0,0,2
8.112387805108847,22,0,2,1,0,0,0,4
13.59103673145368,3,1,2,0,1,0,1,1
1.3418746525975744,16,0,1,0,1,0,0,4
11.874115659028693,27,0,4,0,1,0,0,4
15.440635719447096,27,0,2,0,1,0,0,4
16.564255157731886,21,0,2,0,1,1,0,4
3.410607787875506,5,0,0,0,0,0,0,2
17.948381001563472,6,0,2,0,0,1,1,2
13.122921836948844,14,0,3,0,0,0,0,3
17.637096016413658,10,0,1,1,0,1,0,2
9.705614342203964,23,0,2,0,0,0,0,4
10.84066690194404,2,0,0,1,0,0,0,2
18.38076554057342,29,0,4,0,0,0,0,4
17.998190867093435,5,0,0,1,0,0,0,1
8.96321746738004,25,0,3,0,0,0,1,4
5.488252632713635,1,0,2,0,0,0,0,2
7.863408691285283,28,1,2,1,0,0,0,4
7.755286570594995,13,0,3,0,0,0,1,4
5.73733749965588,8,0,1,1,1,0,0,2
5.371592086659332,17,0,2,1,0,0,0,4
17.22125872959439,18,0,2,0,1,0,0,4
1.3972384136932336,11,0,0,1,0,1,0,3
13.552223641991883,12,0,3,1,0,0,0,2
3.456401029129046,25,0,0,0,0,0,0,4
6.890117867881265,11,0,3,1,0,0,0,4
1.2308606826967372,11,0,2,1,0,1,0,3
5.399472737109241,17,1,1,0,0,1,0,4
15.36842142234484,8,0,3,0,1,0,0,2
17.700306490945174,16,1,2,0,1,1,0,3
4.430543038047341,20,0,2,1,1,0,0,4
9.270956785178438,15,0,2,1,1,0,1,4
9.406480958744128,16,0,1,1,0,0,1,4
17.471506115194686,20,1,3,0,0,0,0,3
15.255981057516108,23,0,2,0,0,0,1,4
10.261544367360996,7,0,1,1,0,0,1,3
13.414944009435468,10,0,3,0,1,0,0,2
16.947101078187337,23,0,0,1,1,0,0,4
0.1907790805108988,1,1,1,1,1,0,0,1
8.057800621000972,7,0,2,0,1,0,0,2
18.144863345541573,11,0,3,0,0,0,0,3
14.806260616879028,20,0,4,0,0,0,0,4
10.856827486681492,0,0,3,1,0,1,0,0
10.592890540702667,22,0,2,1,1,0,0,4
6.955401952088756,12,0,3,1,1,0,0,2
10.41041067283029,21,0,2,0,0,0,1,4
13.107663989269064,20,1,1,0,0,0,0,4
8.36726076857586,16,0,4,1,0,1,0,4
14.28306292784348,13,1,1,0,0,0,0,4
17.224644545207717,13,0,2,1,1,0,0,2
3.093696963697224,15,0,3,0,0,0,0,4
9.030940456348487,16,0,3,0,0,1,0,4
8.160401825701623,5,1,0,0,0,0,0,2
13.74929608099456,25,0,0,0,1,0,1,4
4.997349305158587,27,0,2,1,0,0,0,4
12.805018299045525,6,0,2,0,0,0,1,2
17.54978483462976,25,1,2,1,0,0,0,4
8.362631995872453,25,0,2,0,0,0,0,4
18.2203139995844,0,0,4,0,0,0,0,0
19.86327477866957,24,0,1,0,1,1,0,4
2.121840998959041,14,1,2,0,1,0,0,4
4.661063759697173,19,1,2,0,0,0,0,4
19.007595029641863,20,0,1,1,0,0,0,4
19.166553729627736,17,0,1,0,1,0,0,4
1.95414550773517,29,1,4,0,0,0,0,4
0.2999700075427336,27,1,3,0,0,0,0,4
3.222000465128445,25,0,1,0,0,0,1,4
19.92025566764497,12,1,3,0,0,0,0,2
3.5999923322137373,23,0,1,1,0,0,0,4
10.050952134440465,29,0,3,0,1,1,0,4
16.96835452861022,1,1,0,0,1,0,0,1
0.4080322137641268,18,0,3,1,0,0,0,4
12.08977964516919,14,1,0,0,1,0,1,3
5.540508977392486,11,0,2,0,0,1,0,4
17.246698328794633,14,0,3,0,0,1,0,4
5.669222985281584,24,1,1,0,0,1,0,4
13.735114405638178,17,0,2,0,0,0,0,4
13.48439264894794,13,0,0,1,1,0,0,3
4.429870977192801,5,1,3,1,1,0,1,1
0.6959839973670023,11,0,2,1,1,0,0,4
8.184991475707946,19,0,2,0,0,0,1,4
5.783863039317394,22,1,4,1,0,0,0,4
16.179554992274173,29,0,2,0,0,0,0,4
16.007283769106905,29,1,0,0,1,1,0,4
9.14047904385251,5,1,3,0,0,0,0,2
12.13024450646438,25,0,3,0,0,1,0,4
12.085190319738505,29,0,4,1,0,0,1,4
16.543162968552465,8,1,1,1,0,0,0,2
8.50004828246395,29,0,2,1,1,0,0,4
5.5089335958101815,24,0,3,1,1,0,0,4
5.30069836281095,25,0,3,1,1,0,1,4
10.723845585644083,3,0,3,0,1,0,1,1
8.98296405464425,16,0,1,0,0,0,0,4
8.802415419698724,1,1,1,1,0,1,0,1
1.8227467817941445,15,1,1,0,0,0,0,4
14.372074813803913,23,0,4,1,1,0,0,3
4.274733759638214,13,0,1,0,0,0,0,4
3.9390726041744273,25,0,2,0,0,1,0,4
8.255166405547868,7,0,2,0,0,0,1,3
4.555566832356028,13,1,2,1,0,1,0,3
11.677165346160308,1,1,2,0,0,0,0,1
7.42926678668943,15,1,3,1,0,0,0,3
8.978234451855801,3,0,2,0,1,0,0,2
10.743386432080577,0,0,1,1,0,0,1,1
4.070710449636097,22,0,2,0,0,0,0,4
3.115032457310596,19,0,3,0,1,0,0,4
17.608438057472096,26,0,4,0,0,0,0,4
8.674474056628421,13,1,3,0,0,1,0,3
8.241872192650783,7,1,3,0,0,0,0,2
0.7122430054568296,24,1,2,1,0,0,0,4
9.959526051747863,27,1,3,0,0,0,1,4
11.083394432220002,24,0,4,0,0,0,0,4
11.17681741909333,2,0,2,0,1,0,0,1
14.140623386457689,4,0,0,0,0,0,0,2
3.549636699820236,5,0,4,0,0,0,0,2
5.044462684612377,21,0,3,0,0,0,0,4
16.214609304608253,25,1,2,0,1,0,0,4
18.94341233686788,7,0,4,0,1,1,0,1
2.7186549473464128,5,0,2,0,0,1,0,3
9.952991090104364,5,0,2,1,0,0,0,2
4.2835250547917365,3,0,3,0,1,1,0,1
1.2014633670996488,6,0,1,0,0,0,0,3
6.510066762522708,29,0,3,0,0,0,1,4
2.873752503684255,29,0,1,0,0,0,0,4
14.198661468684923,23,1,1,0,0,0,0,4
10.674508273428888,18,0,2,1,0,1,0,4
2.8766894198062176,6,0,2,0,0,0,0,3
0.1848317681102873,2,0,1,1,0,0,0,2
16.163140980484254,7,1,4,0,0,0,0,1
3.5238881232849506,0,0,2,1,0,0,0,2
12.12433284441532,0,1,1,1,0,1,0,0
6.738438261534911,13,1,2,0,1,0,0,3
11.709718766300712,5,1,3,0,0,0,0,2
6.31307253964648,9,0,2,0,0,0,1,3
1.7387912138450834,24,0,1,1,0,0,0,4
4.459000171155072,27,0,1,0,0,0,0,4
3.761171329581512,13,0,2,0,0,0,0,4
8.560387048792876,3,0,2,0,0,0,1,2
13.165675668523146,5,1,3,0,0,1,0,1
5.276121498927151,15,1,4,1,0,0,0,3
0.241398706012359,27,0,1,1,1,1,0,4
10.378747285295136,20,0,3,0,1,1,1,4
12.11518978717944,27,1,4,0,1,1,0,4
19.257409880036192,0,0,4,0,0,0,0,0
11.789416061864936,5,0,4,1,0,1,0,1
9.423451187562836,8,0,3,1,1,0,0,2
11.468032517954075,14,1,2,0,0,0,1,3
18.55801259724054,11,0,2,0,1,0,1,3
16.567562912032926,2,1,2,1,0,0,0,1
6.45957466727616,10,0,3,0,0,1,0,3
4.745087273142746,14,0,2,0,0,0,0,3
5.252672247321472,2,0,1,0,0,0,0,2
10.08842079430426,13,0,1,0,0,0,0,4
14.880989024571557,1,0,3,0,0,1,0,1
10.06438414365924,28,0,3,1,0,0,0,4
1.3559279165622518,3,1,2,0,0,1,1,2
14.471614008799618,25,0,1,0,0,0,0,4
16.119402573419077,18,1,3,0,0,0,0,4
5.789957302394393,11,1,0,1,0,0,0,4
13.282514785667008,1,1,2,0,0,0,0,1
8.531838021087868,16,1,2,0,0,0,1,4
17.782387114548857,2,0,4,0,0,0,0,1
16.904511163214796,9,0,2,1,1,0,0,2
10.508639966192844,15,1,2,0,0,0,1,3
13.83011091627189,21,1,3,0,1,0,0,4
17.66699402044208,8,1,2,0,1,0,1,2
9.91434020156551,10,0,1,0,0,0,0,3
6.265014809776439,20,0,2,1,0,0,0,4
15.073322758191626,14,0,4,1,0,0,0,2
4.401325095693835,2,1,2,0,0,1,1,1
7.770622960120841,15,0,3,0,1,0,0,3
17.314544742135872,29,0,4,0,1,0,0,4
14.4884468053863,20,0,3,0,0,0,1,4
8.076220104949986,20,0,3,1,0,0,0,4
4.294890048167148,20,0,3,0,1,0,0,4
7.119367816644731,27,1,4,0,1,0,0,4
5.68208298454866,11,1,4,1,0,0,0,3
3.5217857588770785,22,0,4,0,0,0,0,4
14.866658271313131,4,0,3,0,0,0,1,2
5.041397737003431,6,1,2,1,0,0,1,2
9.083349403355276,8,0,1,1,1,0,0,1
7.717188936722181,20,1,2,1,1,0,0,4
19.641547572712614,17,0,4,1,1,1,0,3
7.82184488296441,20,0,3,0,0,0,0,4
1.599649655935096,7,0,2,0,1,0,0,3
1.7965150514416806,11,1,2,0,0,0,1,4
11.815074427061296,19,0,2,1,0,1,0,4
11.987271034765312,1,0,2,0,0,0,0,2
8.3751798096531,9,0,3,0,0,0,0,2
8.636873846240594,18,0,2,1,0,0,0,4
1.0786516568174245,8,0,1,0,0,0,0,4
10.330930207785244,24,0,2,0,0,0,0,4
10.094789507607034,23,0,1,0,1,0,0,4
2.9909863711388907,7,0,4,0,0,0,0,3
2.076787722218552,23,0,2,0,0,0,0,4
2.47144981198981,23,0,4,0,0,0,0,4
2.0205649298251704,23,0,1,0,1,0,0,4
12.194163910735195,0,0,1,0,0,0,0,2
3.929653048058373,5,0,3,0,0,0,0,3
5.0286030437492695,11,0,3,0,1,0,1,3
3.4714428830287947,24,0,2,0,0,1,0,4
19.15670608897006,23,0,1,0,0,1,0,4
17.09234926303671,18,0,0,0,1,0,0,4
4.609896747030417,26,0,3,1,0,0,0,4
6.55132587844252,16,0,1,1,1,0,0,4
4.197856846099944,1,1,2,0,0,0,0,2
9.837519189216476,10,1,3,0,0,0,1,3
0.3922106494850719,17,0,0,0,0,0,0,4
13.427360177935912,22,0,1,1,1,0,0,4
10.463162996352832,27,1,0,1,0,0,0,4
17.972778566022065,21,1,4,0,0,1,0,4
3.287853686568283,10,0,2,1,0,1,0,3
16.082184921222634,17,0,4,1,0,0,0,4
15.839220289334314,7,0,1,0,1,0,0,1
2.5436237843377385,14,0,3,0,1,0,0,3
7.971184482882552,8,0,1,0,0,1,0,3
3.403052822890338,14,0,2,0,0,0,0,4
5.0944100091509785,6,1,3,0,0,0,0,2
5.264923496610887,19,0,3,1,0,0,0,4
11.124727880515454,12,0,3,0,1,0,0,3
8.22821863520931,12,0,3,0,0,0,1,3
18.954656080126107,0,0,1,1,0,1,0,1
2.527402838940102,19,0,2,0,0,0,0,4
19.47384269700397,3,0,2,0,0,0,0,1
4.612772804285279,23,0,3,0,0,1,0,4
15.457478727637062,3,0,1,0,1,1,0,1
6.779398523456428,3,1,4,0,0,0,0,0
2.861627908346278,12,0,2,1,0,0,1,3
17.1577837049248,1,0,3,0,0,1,1,1
6.177217984729264,27,0,1,0,1,0,0,4
13.177108084536844,25,0,2,0,0,0,0,4
11.328873701732531,22,0,3,1,0,0,0,4
9.435126187817486,14,0,2,1,0,0,0,3
9.91638945297078,3,0,4,1,0,0,0,1
14.644758281845752,26,0,3,0,1,0,0,4
1.7554582824688114,5,1,2,1,0,0,0,2
13.363613239158102,2,0,3,1,0,0,0,1
17.916242027971574,6,0,3,1,0,1,0,1
1.155763940397283,5,0,3,0,0,0,1,4
2.813066784673335,2,1,1,0,0,0,0,1
14.332638734040628,3,0,2,0,1,1,0,1
8.745632964892351,9,0,3,0,0,0,0,3
8.070972416273767,29,1,3,1,1,0,0,4
2.739332690884717,20,0,2,0,0,0,0,4
10.135400814355762,8,0,1,0,1,0,0,3
2.530906223927545,29,0,2,0,0,0,0,4
9.532409126210808,5,1,0,0,0,0,0,2
15.272305979233137,28,1,3,0,0,0,0,4
5.16528715774327,19,1,3,0,0,0,0,4
9.615723363594546,26,1,2,1,0,0,0,4
19.840319387936717,10,1,3,0,1,1,1,1
13.733008467080746,6,0,2,1,1,0,0,2
16.827135426103972,17,1,3,0,0,1,0,3
8.296952131210915,3,0,1,1,0,0,0,2
15.357218462517109,4,0,2,0,0,0,0,2
0.8101834588264367,3,0,3,0,1,1,0,1
2.4582236508449,3,0,1,0,0,1,0,2
4.061411858401243,26,1,2,0,0,0,0,4
8.03903849230439,12,0,2,0,1,1,0,3
16.914897566515265,15,0,1,1,0,0,0,4
6.92532101575861,24,0,1,0,1,0,1,4
13.092423870309258,13,1,1,0,0,0,0,4
14.186285896069668,10,0,4,1,1,1,0,1
11.723647081766828,28,0,3,0,0,1,1,4
7.144839363402724,1,0,2,0,0,0,0,2
11.541066834270886,21,0,3,1,1,0,1,4
6.845311855794924,13,0,0,0,0,1,0,4
1.6774747710402416,23,0,2,1,0,0,0,4
19.85607956372029,23,1,1,1,0,0,0,4
2.543649072650218,26,0,1,1,0,0,0,4
1.446967676721147,6,0,3,1,1,0,0,2
17.57061498414312,25,0,1,0,0,0,1,4
6.036693217857902,10,0,3,0,1,0,1,3
13.005939481470152,3,0,2,1,0,0,0,2
6.580114593244657,6,0,0,0,0,0,0,3
7.829085415889423,28,0,3,0,1,0,0,4
5.24225944033593,15,1,2,1,0,0,0,4
6.860880115860204,25,0,2,0,1,0,0,4
8.214008011730861,5,0,1,0,0,0,0,3
14.408321381846855,26,0,0,0,0,0,0,4
10.230723884695836,5,0,4,0,0,1,0,1
18.87130434313954,1,0,2,0,0,0,0,0
0.8376078767755102,23,0,0,1,0,0,0,4
10.061366452640565,7,1,3,1,0,0,0,2
11.684495776634362,29,0,1,1,0,0,1,4
18.40393972148548,26,0,1,0,0,1,0,4
0.9831704724285516,6,1,1,0,0,0,0,2
11.46999169870432,26,0,2,0,0,0,1,4
17.07259857055914,24,1,0,0,0,0,0,4
4.838554562384731,23,0,2,0,0,0,1,4
17.52584697047875,13,0,3,0,0,1,0,3
0.3808681854858364,8,0,1,0,0,0,1,4
14.649092582674594,14,1,2,0,0,0,0,3
18.66226442337306,24,1,2,1,0,1,0,4
13.143953232801245,21,0,2,0,1,0,0,4
8.78058487960896,17,0,4,1,0,0,0,4
0.8976203294543605,11,0,2,0,0,0,0,4
18.40227626645257,22,0,0,0,1,0,0,4
9.405924453831496,18,0,2,0,0,1,0,4
0.5799348867189602,12,0,1,0,0,0,0,4
13.796421426575238,6,0,3,0,1,1,0,2
9.636745071525164,24,0,0,0,0,0,0,4
2.4869063488482146,9,0,1,1,1,0,1,2
4.285436186205192,29,1,2,0,1,0,0,4
1.2898136091169254,9,1,1,0,0,0,0,3
11.485870794171472,1,0,2,0,1,0,0,1
12.440589585040184,13,1,1,0,1,0,0,4
10.114845967108888,12,0,4,1,0,1,0,3
16.3420426600523,21,1,1,0,1,0,0,4
17.220176426160272,28,0,4,0,0,0,0,4
12.312487933662531,5,0,2,0,0,1,0,2
0.2551295941486109,8,1,3,1,0,1,1,2
13.904593114954713,12,0,1,0,0,0,1,4
8.359984338407031,8,1,3,1,0,1,0,2
11.31114966452774,12,1,2,0,0,0,1,4
12.981612040377687,4,1,2,1,0,0,0,1
7.004732286541535,13,0,3,1,0,1,0,3
18.341970103435884,4,0,2,1,0,0,0,1
2.679497334995624,8,0,2,0,0,1,0,4
13.430236145620748,7,1,0,0,0,1,1,2
0.0871915991316085,6,0,1,0,1,0,0,3
18.493022108103617,7,0,2,0,0,0,0,2
2.25008266476183,21,0,0,0,0,0,0,4
1.8976846029514929,2,0,1,1,0,0,0,2
6.660152661044885,22,0,1,0,0,0,0,4
7.471325720781612,23,0,1,0,0,0,0,4
4.286001446457572,14,1,2,1,1,1,0,3
11.702433218542494,7,0,2,0,1,1,0,2
8.858281960839271,0,1,4,1,0,0,0,0
0.6835117808217483,6,0,2,1,0,0,0,2
6.393041245106012,18,0,4,1,0,0,0,4
16.20865827146341,1,0,3,1,0,0,0,0
13.794030697237371,13,0,4,0,0,1,1,4
14.49741707159761,17,0,3,0,0,0,0,4
13.962338481670471,29,1,3,0,0,0,0,4
6.219460427660666,14,0,2,0,0,1,0,4
1.9932784415355176,13,0,1,0,1,1,0,4
5.44934368066192,23,0,1,1,0,0,0,4
16.635706003703184,24,1,4,0,1,0,0,4
19.609415955661422,18,0,4,0,0,1,1,4
9.876940294831227,29,0,3,1,0,0,1,4
0.1940070984608444,18,0,3,0,0,0,0,4
2.8008962426845807,21,1,4,0,1,0,1,4
6.441611506325316,26,0,2,0,1,0,1,4
11.571706971858994,25,0,3,1,0,0,0,4
1.5018729161062794,16,0,2,1,0,0,0,4
18.867145974197637,21,1,2,1,0,0,0,4
7.3016734656880145,27,0,0,0,0,0,0,4
18.251684358496465,18,1,2,1,0,0,0,4
15.610436055140436,26,0,3,0,0,0,0,4
15.108745450311623,15,0,2,0,0,0,0,4
12.13439159564464,19,0,3,0,0,0,1,4
12.535676341036892,24,1,2,0,0,1,0,4
12.760064704324964,18,0,1,0,0,0,0,4
12.57442774051164,0,1,3,1,0,0,0,0
11.074564627967224,18,0,3,0,0,0,0,4
19.728280369657774,6,1,1,0,1,1,0,1
14.645811348513922,28,0,2,0,0,0,0,4
15.538927767850424,22,0,2,0,0,0,0,4
17.449256301673483,10,0,4,0,0,0,1,3
4.312795254516983,4,0,3,1,1,0,0,1
1.6760831819012156,29,0,1,1,0,0,0,4
9.657888731971973,16,0,2,1,1,0,0,4
10.281613912385463,10,0,3,1,0,0,0,2
16.583635598998356,23,0,3,0,0,0,1,4
8.875671585646714,25,0,3,1,0,0,0,4
11.417060510886255,7,0,1,0,0,0,0,3
10.541418770269166,9,0,3,0,0,0,0,2
0.7640556751478211,11,0,3,0,0,0,0,4
12.30429793193828,9,0,3,0,0,0,0,2
16.560865715485043,12,0,2,0,0,0,0,3
3.1500109615160765,25,1,3,0,0,0,0,4
11.886634678531916,17,1,3,0,0,1,0,4
11.872210888928286,9,0,3,1,0,0,0,2
3.283699281127175,18,0,2,0,0,0,0,4
2.4692714746147204,19,0,1,0,0,0,1,4
19.60103885952969,16,0,2,1,0,0,1,4
7.874383393060751,19,0,2,0,0,0,0,4
4.548434574470585,15,0,2,1,0,0,0,4
3.426490889087499,4,0,2,1,0,0,0,2
13.3520342716647,2,0,2,0,0,1,0,1
12.188905946545576,29,0,3,0,0,0,0,4
12.871042459748349,26,0,1,0,1,0,0,4
1.7601205502290451,14,0,2,0,0,0,0,4
17.87069166996874,25,0,3,0,0,0,0,4
7.785327936180966,1,0,2,0,1,0,1,1
6.267388128607159,12,1,2,0,0,0,1,3
9.247228944954784,21,1,2,0,1,0,0,4
7.801321314952565,7,0,2,0,0,1,0,3
17.27154006278292,22,0,1,1,0,0,0,4
18.58521950395784,26,0,2,0,0,0,0,4
6.069064328992124,29,0,4,1,1,1,1,4
17.278716149199095,16,0,2,0,0,0,1,4
15.630462590661342,3,0,0,1,0,0,0,2
18.61615344689524,18,0,3,0,0,0,0,4
4.915006243717757,21,0,2,0,0,0,0,4
11.539183002419582,24,1,1,0,0,0,0,4
5.490891694808893,8,1,3,0,0,0,1,3
16.481889809687484,22,0,1,0,0,1,0,4
0.1064838114212851,14,0,4,0,0,0,0,4
11.29638325772792,27,0,2,0,1,0,0,4
6.78406862543836,8,1,3,0,0,1,0,2
6.453674141556405,23,1,2,0,1,0,0,4
12.89812647729834,20,1,1,0,0,1,0,4
17.02968898627988,8,0,3,0,0,0,0,2
12.183907827866523,13,1,4,1,0,1,0,2
17.06345957293445,22,0,3,0,0,0,0,4
5.291942237620599,20,1,3,1,0,1,0,4
10.390037095299622,15,1,4,0,1,0,1,3
9.01073078134152,23,0,1,0,0,0,0,4
0.2328979900619243,22,0,0,0,0,0,0,4
11.136242862814802,24,1,0,0,0,0,0,4
13.230486482923498,25,0,3,1,0,0,0,4
11.8382880883814,16,0,3,0,0,0,0,4
14.72559797566843,12,0,3,1,1,0,0,3
11.42679056906154,8,0,4,0,0,0,1,2
1.3350050970151384,14,0,3,0,0,0,0,4
2.3289104816942285,6,0,2,0,0,0,0,3
11.929491550879048,0,0,1,0,0,0,0,2
5.499583839472804,0,0,4,0,1,0,0,1
1.5929025806953168,4,0,1,0,0,1,1,3
8.592054868970935,23,0,2,0,0,0,0,4
11.086451961673108,8,0,2,1,1,0,0,2
6.574919766992132,11,0,1,0,0,0,0,4
14.40867404451556,5,0,3,1,0,0,0,1
12.875412162024894,27,1,1,0,0,0,0,4
6.656367221833439,12,0,4,0,0,0,0,3
15.097450578171212,25,1,2,1,0,0,0,4
12.973900850660709,27,0,3,1,0,1,0,4
12.74890757435804,7,1,3,0,1,0,0,1
11.06855401574136,14,0,3,0,0,0,0,4
0.2277933617710559,5,0,4,0,0,0,0,2
13.930143669537784,26,0,1,1,0,0,0,4
7.5208358221831295,5,0,0,0,0,0,0,2
18.852194203173116,3,0,0,1,0,0,0,2
16.359695421544107,10,0,3,0,1,0,0,2
11.753889390626243,20,0,4,0,0,1,0,4
5.043639636385389,29,1,2,1,0,0,0,4
4.074347865553332,17,0,3,1,0,0,0,4
6.807696753550983,2,0,0,0,1,0,0,2
9.531358871600371,2,0,1,1,0,0,0,2
5.921310200778942,29,0,3,1,0,0,0,4
10.298589907849657,11,1,0,1,0,0,0,3
3.3074085102637185,26,1,2,1,1,0,0,4
19.55425625651,20,1,3,0,1,0,0,3
2.1584910992998774,29,1,3,1,1,1,1,4
18.63888279308744,20,0,2,1,1,0,0,4
18.271560228053897,5,0,3,0,0,1,1,2
10.50720963638996,20,0,2,0,0,0,0,4
14.498205436721689,27,1,0,0,0,0,0,4
8.720965959451757,5,1,3,1,0,0,0,1
12.600691550848763,7,0,1,1,0,0,1,3
6.811518748422374,14,0,0,0,1,0,0,4
6.023180395708907,17,1,2,0,0,0,1,4
11.564595723390276,19,0,3,0,0,0,0,4
9.962593483679608,28,1,1,0,1,0,0,4
11.59072738299962,15,0,0,0,0,0,1,4
5.733211625740459,5,0,1,0,0,0,1,3
7.339156636339905,27,0,2,1,0,0,0,4
1.677959212578186,20,0,2,0,0,0,0,4
1.0455274454441144,16,0,1,1,1,0,0,4
5.069142593460326,8,0,3,0,0,0,0,3
1.4849371866109151,18,1,3,1,1,0,0,4
2.075494172694814,17,0,3,0,0,0,0,4
16.25856810787874,24,1,2,1,0,0,0,4
0.777473940333786,22,0,2,0,0,1,0,4
13.178855878694854,4,1,2,0,0,0,0,1
5.45115497630801,27,0,2,0,0,0,0,4
17.430913614162527,5,0,0,0,0,0,0,3
9.69984569154999,11,0,3,1,0,0,1,2
6.111529186556515,10,0,2,0,0,0,0,4
10.352778713788693,15,1,1,1,0,0,0,3
7.639160380905377,19,0,1,0,0,0,1,4
11.286021293396605,16,0,1,1,0,1,0,4
2.2906573665269647,19,1,4,0,0,0,0,4
19.939810056251023,8,0,1,0,1,0,1,3
8.511117553934351,0,1,3,0,1,0,0,0
6.964612794147373,25,0,2,1,1,0,1,4
14.204196966325298,2,1,3,0,1,0,0,0
7.27798812990665,20,0,2,0,0,0,0,4
16.66548610057515,22,1,4,0,0,0,0,4
9.085414487208505,8,0,1,0,1,1,0,2
14.391168265308698,21,0,2,0,0,1,1,4
2.149064328837731,18,0,1,0,0,0,0,4
16.922383711102235,12,0,2,1,1,0,0,2
14.714359735562198,22,0,2,1,0,1,0,4
4.234335569239313,13,0,3,1,0,0,0,3
2.905720194915733,19,0,2,0,0,0,0,4
6.325846974512488,18,1,0,0,0,1,0,4
19.521411720638085,29,0,3,1,1,0,0,4
5.136631491341173,22,1,2,0,0,0,1,4
9.122544178932666,26,0,1,0,1,1,0,4
0.6004045143467263,26,0,4,1,1,1,0,4
7.944550591324651,6,1,4,0,0,0,0,1
11.426400308662055,3,1,3,0,0,0,0,1
19.062492250159305,11,0,3,0,0,0,0,3
10.334720898801288,22,0,0,0,1,0,0,4
16.382146523553757,26,0,4,0,0,0,0,4
10.94255285137801,13,0,2,0,1,0,0,4
0.815700268710362,1,0,1,0,0,1,1,2
6.300165503795481,0,0,3,1,0,1,0,1
11.510990156622064,27,0,1,0,1,0,0,4
19.011879318622487,17,0,2,1,0,0,0,3
17.182607195024666,19,1,1,0,0,0,0,4
4.567112283576953,7,1,2,1,0,1,0,2
4.40219660038327,2,0,2,1,1,0,1,1
4.023459342278015,25,0,2,1,1,1,0,4
18.449977926050064,5,0,0,1,1,0,1,3
17.053323062034412,21,1,2,0,0,0,0,4
15.497668645058976,12,0,2,0,0,1,0,3
7.854702284484551,8,0,1,0,0,0,0,3
10.087614085975336,8,0,4,0,0,0,1,2
9.286634895903056,19,0,2,0,0,0,0,4
5.067962151187453,8,0,3,0,0,1,1,3
10.10056092297534,14,1,1,0,0,0,0,4
0.6099309570550893,12,0,2,1,1,0,0,4
2.6362074699491838,21,0,1,1,1,0,0,4
17.73179192337893,15,0,2,0,1,0,0,3
15.033595340628466,1,0,1,0,0,0,0,2
8.457368181181742,25,0,2,1,0,0,0,4
10.343007245677544,13,0,2,0,0,1,1,4
7.399977719199549,26,0,1,0,0,0,0,4
14.81559734321345,5,1,3,0,0,0,1,1
15.683743584641592,1,1,4,0,1,0,0,0
15.265703804063184,7,0,1,0,0,0,0,2
14.452234496688993,3,1,3,1,0,0,0,0
4.090086773855917,20,1,3,0,0,0,0,4
6.759399584809575,23,0,2,0,0,1,0,4
9.3969086996735,13,0,3,1,0,0,1,3
6.615859828553113,10,0,4,1,0,0,0,2
15.09880400316658,23,0,2,0,0,0,1,4
6.587070484999094,27,1,3,1,0,0,1,4
2.764641735706743,13,0,3,1,0,0,0,4
7.980809040966081,11,0,2,1,0,1,0,3
19.598288655647607,15,0,2,1,0,0,0,3
4.517628258671518,5,0,4,1,0,0,0,2
12.24317317886458,19,0,3,0,1,0,0,4
8.659460996794126,0,0,1,1,0,0,0,2
1.4204913529865326,11,0,1,1,0,1,0,3
9.75753211996119,6,1,4,0,1,0,0,1
14.043286572966249,7,1,0,0,0,0,0,2
10.264399516556376,8,1,3,1,1,0,0,1
17.442121274931623,1,1,1,1,1,0,0,0
5.778740333151653,16,1,0,0,0,0,1,4
1.7249834260792984,19,0,0,0,1,0,0,4
18.73131223316012,12,0,2,1,0,0,0,3
7.56392699056438,4,0,0,0,0,0,1,4
11.528111029072669,9,0,2,0,1,0,0,3
15.84006252260392,11,0,3,0,1,0,0,2
6.486273277511612,16,1,2,0,0,1,0,3
14.323290763552222,20,0,3,1,0,0,1,4
2.7083769963565607,5,0,2,0,0,0,1,3
5.825874944110105,2,0,2,0,0,0,0,2
2.894212722730398,27,0,2,0,0,1,0,4
16.224611168027156,14,1,2,0,1,0,0,3
4.452984704535707,6,0,4,1,0,0,0,2
14.348071108104206,29,0,3,0,0,0,0,4
18.86596794491305,5,0,2,0,0,0,0,2
10.55544418137754,3,1,3,0,0,0,0,1
10.800583845213756,18,0,2,0,0,0,0,4
9.22067136195624,4,0,1,1,0,0,0,2
6.517802867872855,2,1,2,0,1,0,0,1
9.513100618498342,25,0,3,1,0,0,0,4
12.056150645335189,24,0,2,0,0,0,1,4
19.719831443413188,8,0,3,0,1,0,0,2
18.755291186364484,5,1,2,1,0,0,0,1
17.243059165862434,12,0,2,1,0,0,0,3
17.782610714097167,26,0,4,1,1,1,0,4
9.35698366584086,21,0,2,0,0,0,0,4
13.148886543549295,27,0,3,0,0,0,0,4
17.901334458724282,29,0,3,1,1,1,0,4
7.859015299827061,19,0,4,0,1,1,0,4
19.23524956690937,3,0,0,1,0,0,0,2
8.31572124138366,1,0,1,1,0,1,1,1
12.021653307864312,25,0,3,1,0,0,0,4
14.19609426544744,3,0,2,1,0,0,0,2
19.011840261518767,7,0,2,0,0,0,0,2
4.8923254810453205,12,0,1,1,1,0,0,4
14.922619564772845,9,0,1,0,0,0,1,3
10.416311722881645,17,1,2,0,0,0,0,4
5.371142812412821,8,0,1,0,0,0,0,3
15.532136795927812,29,0,1,0,1,0,0,4
11.04444560347693,0,0,0,1,0,1,1,2
13.219476412993515,12,0,1,1,0,0,0,4
6.45802137155802,17,1,3,0,1,0,0,4
9.6254790365521,14,0,3,0,0,0,0,4
12.34708501976134,1,0,0,1,0,0,1,2
8.09821628539688,10,0,1,1,0,0,0,4
3.967450796954026,28,0,2,1,1,0,0,4
19.23280984630608,13,0,2,1,1,0,0,2
10.229350800852348,21,0,3,1,0,1,0,4
14.67840740575401,14,1,3,0,0,0,0,3
8.220943871121163,13,1,3,1,0,0,0,3
7.102635280514327,15,0,2,1,0,0,0,4
8.1432859693425,22,0,2,1,1,0,1,4
8.183932875712996,28,1,3,0,0,0,0,4
10.883602318839072,14,0,0,1,1,0,0,4
10.869397399627264,18,0,0,0,0,0,0,4
9.943076317657432,26,1,0,0,1,1,0,4
2.695715698348762,8,0,2,1,1,0,0,2
9.921509570010622,4,0,1,0,0,0,0,3
3.3820780084130297,4,0,1,0,0,1,0,3
2.5227157259153032,10,0,3,1,0,0,0,3
18.652914346823355,27,1,4,1,1,1,1,4
12.099000262954084,19,0,1,1,0,1,0,4
13.189801162491683,24,1,2,0,1,1,0,4
8.035873406667275,23,0,1,1,0,0,0,4
18.179617838297283,27,0,4,0,0,0,0,4
12.75860979159331,3,0,1,1,0,0,1,1
15.38339739047175,19,0,3,0,1,0,0,4
7.371249380554277,17,0,1,1,0,0,0,4
19.20023761638251,24,0,3,0,0,0,0,4
16.4092258031663,2,1,1,1,1,0,0,1
17.078969260290872,3,1,1,0,1,0,0,0
3.443885348515085,13,0,1,1,1,1,0,3
5.41926415742439,6,0,1,0,0,0,0,2
5.712531993671542,25,1,3,1,0,0,0,4
5.418184464937424,7,0,3,0,0,0,0,2
17.10816324208576,23,0,2,0,1,0,0,4
0.6376959041718422,15,1,4,1,0,0,0,4
1.521999779615486,19,0,2,1,0,0,0,4
5.478297412598074,14,0,4,0,1,0,0,3
3.997459492988873,6,0,1,0,0,1,0,4
4.637192277656967,25,0,4,1,0,1,0,4
15.958863785066,16,0,0,1,0,0,1,4
11.26253187784094,21,0,2,0,0,0,0,4
0.1154132258593598,21,1,2,1,0,0,0,4
8.586455314083905,21,0,2,1,1,0,0,4
8.157698537007178,11,0,2,0,1,0,1,3
2.2789053888908706,17,0,2,0,0,1,0,4
13.522835772029143,23,1,4,1,0,0,0,4
14.04194376758982,13,1,4,1,0,0,0,2
14.417864381041952,14,1,4,1,1,0,0,2
14.56941891117184,14,0,4,0,0,1,0,3
0.001056538645936,4,1,3,0,1,0,0,2
19.078416076934445,15,0,4,0,1,0,0,3
16.28417534109326,4,0,3,1,0,0,0,0
18.079633931785708,1,0,2,0,0,1,0,1
0.3128659061486827,19,0,3,0,0,0,0,4
18.677175915714788,27,1,4,0,0,0,0,4
16.195770573762093,24,0,3,0,0,0,0,4
16.74438285917397,8,0,2,0,0,0,0,3
1.8657476944393705,21,0,0,0,0,0,1,4
14.775560578371952,26,0,3,1,0,1,0,4
19.19833379284182,8,0,4,0,0,0,0,2
13.570946828363212,3,0,2,0,0,0,0,2
11.411228092492127,14,0,1,0,0,0,0,4
18.91259355497994,10,0,2,0,1,1,0,2
8.85874243468872,0,1,2,0,1,1,0,0
11.985871326209574,17,1,2,0,0,0,0,4
9.526765869887324,28,1,3,0,0,0,0,4
18.656924427205983,0,1,4,1,0,0,1,0
1.5216945353101452,7,0,3,0,0,0,0,4
10.022394016506963,24,1,2,0,0,0,0,4
13.739048827708766,15,0,4,1,1,0,0,3
15.83813076844474,25,1,2,0,0,0,0,4
11.660372948882728,27,0,1,1,0,0,0,4
18.17835488242908,21,1,2,0,1,0,0,4
18.839828937677435,17,0,3,0,0,1,0,3
1.2863844638716704,21,0,3,0,0,0,0,4
8.047410790827488,8,0,4,1,1,0,0,1
0.4691804344230887,11,0,2,0,0,0,0,4
6.588333147488859,18,1,1,0,0,0,0,4
10.737364359412044,24,0,0,0,1,0,0,4
18.215898610198977,17,0,3,0,1,0,0,4
16.931086449308058,26,1,3,1,1,0,0,4
2.5499945334397145,4,0,2,0,1,0,0,3
1.860607494817914,26,0,2,1,0,0,0,4
11.78534677513334,1,0,4,0,1,0,0,0
10.642359449175654,6,0,4,1,1,0,0,1
5.327552828600477,26,1,1,0,1,0,0,4
17.989061691076703,9,1,3,1,1,0,0,0
18.54732818923107,14,1,3,0,0,1,0,2
8.052228766803253,24,0,1,1,1,1,0,4
17.806051142270405,6,0,2,1,0,0,0,1
7.678977885259453,27,0,1,0,0,0,0,4
14.736336636594004,4,1,1,1,0,0,0,1
9.518844350954485,14,0,3,1,1,0,0,3
2.45166313014366,19,0,2,1,0,0,1,4
18.55868402474043,27,0,2,0,1,0,0,4
9.081931867550733,19,0,2,0,0,0,0,4
14.689740806448071,14,1,0,1,0,0,0,3
7.343476288625843,9,0,3,0,0,0,1,3
0.3776175715246932,23,0,2,0,0,0,1,4
2.010607173836718,25,0,2,1,1,0,0,4
9.924389589798489,28,1,4,0,0,0,0,4
13.799287142527248,25,0,2,0,0,1,0,4
6.694706531585581,13,0,3,0,0,0,0,4
13.909769183553006,25,0,2,1,0,0,0,4
13.97271178863912,25,0,3,1,0,0,0,4
14.078718146556618,9,1,3,1,0,0,0,1
9.850437080410169,16,0,1,1,0,0,0,4
18.29772300243008,20,1,3,0,0,1,0,4
9.783930359612311,13,0,0,0,0,0,1,4
9.005303869932764,1,1,4,0,1,1,0,0
3.98761638021254,15,1,2,0,1,1,0,4
6.15310174712673,12,0,3,0,0,0,0,4
0.8466898503660669,26,0,2,1,0,0,1,4
12.670705872323405,8,0,3,1,0,1,0,2
4.970714878541857,6,0,4,0,0,0,0,2
6.083105089709302,15,0,3,1,0,0,0,4
15.416290433286424,9,0,1,1,0,0,0,3
6.544423663229077,23,1,2,1,0,0,0,4
4.843917840262844,21,0,2,0,1,0,0,4
3.381154982674115,8,1,2,0,1,0,0,2
15.497168043639116,21,0,2,0,0,1,0,4
2.5941251598005377,22,0,2,0,0,0,0,4
9.07507520500707,6,1,2,0,0,1,0,2
10.138602321543887,15,0,1,1,0,0,0,4
13.747798253714292,8,0,2,0,0,0,0,4
12.665669646659907,26,1,1,0,1,1,0,4
16.214413458903497,23,1,1,0,1,0,0,4
0.895028678524763,28,0,3,1,0,0,0,4
5.928814495587944,16,0,0,0,1,0,1,4
5.6026823755075945,19,0,2,0,0,0,0,4
2.9203381118421645,6,0,2,1,0,1,0,2
5.783565077128863,10,0,2,0,0,0,0,3
6.195306282858068,7,0,3,1,0,0,0,2
10.437689238549568,6,0,2,0,1,0,0,2
13.27408957852512,27,1,1,0,1,0,0,4
7.622010272236281,18,1,3,0,0,0,0,4
14.389404626267623,19,0,4,1,1,0,0,4
6.7233067715916,11,0,0,1,1,0,1,3
5.805673546295207,6,0,2,0,0,0,0,3
10.823761117140489,7,0,2,0,0,0,0,3
0.4743272061158121,6,0,1,0,1,0,0,4
1.5957824726800074,5,0,2,1,1,1,0,2
8.359390871730541,24,0,3,0,0,0,0,4
18.85825422783513,8,1,1,0,0,1,0,2
14.430235596868473,26,1,4,0,0,0,0,4
1.762531390011155,12,1,2,0,1,0,0,3
16.926360255617475,6,0,2,1,1,0,0,1
14.64601541216362,7,0,3,1,0,0,0,2
12.218930514053064,21,0,0,0,0,0,0,4
16.405859212183547,16,1,2,0,1,0,0,3
8.082196954859143,16,0,2,0,0,0,0,4
4.430021017077054,15,0,2,0,1,0,0,4
10.240467782175187,21,0,2,1,0,0,1,4
10.976835111869477,1,0,0,0,0,0,0,2
10.766527440198242,29,0,1,0,0,0,0,4
11.301475829602106,7,0,1,0,0,0,1,3
18.97409836478361,16,0,4,1,1,0,0,3
18.04491246192463,12,0,0,0,1,0,0,4
17.514340731178788,17,0,1,1,1,0,0,4
16.028336218172544,23,0,4,1,0,0,0,4
18.868562145305702,27,1,3,1,0,0,0,4
1.969892833588065,21,0,2,1,0,0,0,4
5.30246522891479,27,0,0,0,1,0,0,4
9.901118913091697,9,0,3,0,0,0,0,3
16.930689862468103,1,1,1,1,1,0,0,0
10.10331423045465,1,0,3,1,1,0,0,0
14.960694786831771,26,0,4,1,0,1,1,4
2.7791981049783243,13,0,2,1,1,0,1,4
5.048276259531203,15,0,1,0,1,0,0,4
14.635521900753448,6,0,3,0,1,1,0,1
3.294680177754481,20,0,2,1,0,0,0,4
7.027118693098535,20,1,2,1,1,0,0,4
5.2973251562714285,23,1,2,0,0,1,0,4
6.997233884449569,11,1,3,0,0,1,0,2
14.166480981559406,27,0,2,0,0,0,0,4
7.35694362285602,22,1,4,0,0,0,0,4
11.105266452158803,27,0,3,0,1,0,0,4
1.998637541088193,13,0,1,1,0,0,0,4
16.100353864692558,24,1,3,0,0,1,0,4
7.397772512962497,3,0,1,1,0,0,0,2
12.97068318066685,25,0,3,1,1,1,0,4
14.507792033236653,3,0,1,1,1,0,0,0
4.193218442234008,17,0,2,1,0,0,0,4
17.693499699066997,2,1,3,0,1,0,1,1
12.32448503213906,0,0,1,1,0,0,0,1
8.57450283502963,16,0,3,0,0,0,0,4
3.646703671564391,6,0,3,1,1,1,0,1
18.846018758024133,29,1,2,0,1,0,0,4
15.101364082632502,15,0,2,1,1,0,1,2
4.1604912546649775,29,0,4,0,0,1,0,4
6.75421549448449,4,1,1,0,0,1,1,2
16.193485161761465,18,0,3,0,0,1,0,4
13.91355326430678,6,0,3,1,0,0,0,2
15.315685854314488,13,1,4,0,0,0,0,2
8.824022044258648,1,0,3,0,0,0,1,1
14.329525252843338,2,1,2,1,0,0,1,0
7.729874457278274,16,0,4,0,0,1,0,4
4.225258338763929,15,1,3,0,0,0,0,4
12.6535406968272,7,1,3,0,1,0,0,1
19.520278511975885,17,0,0,0,0,0,0,4
6.212019427906592,14,0,2,1,1,1,0,4
9.219391844250794,6,1,3,0,0,1,0,1
13.480027421397072,26,0,2,1,0,0,0,4
10.830125642449758,8,0,2,0,0,0,0,3
16.868555914180984,5,0,1,1,0,0,0,2
15.234854129390316,17,1,2,1,0,0,0,3
1.1659440772471408,17,1,1,1,1,0,1,4
19.96842467847548,24,0,1,0,0,0,0,4
15.048049074389343,25,0,2,0,0,0,0,4
17.278066325882264,23,1,3,0,0,0,0,4
13.023954241906928,13,1,2,1,1,0,0,1
17.125702560935245,13,0,1,0,0,1,0,4
2.247659498574188,13,1,1,1,1,1,0,4
6.954756711186311,24,1,2,0,0,1,0,4
17.528418872089855,3,0,3,0,0,1,0,1
4.033104225337844,3,1,3,0,0,0,1,1
1.564841971600455,14,0,1,0,1,0,0,4
15.76237879890438,14,0,2,1,1,0,0,3
16.709723112865923,17,0,3,0,0,0,0,4
3.253044363798012,13,1,1,0,0,0,0,4
17.08691965565431,25,1,2,0,0,0,0,4
13.735355911943392,0,0,2,1,0,0,0,0
10.40165366433168,9,0,1,0,0,0,1,3
16.6050038556277,28,0,0,0,1,0,0,4
8.384984986379315,19,1,2,1,1,0,0,4
3.879879124467944,9,1,0,0,0,0,0,3
5.697053532212273,9,0,1,0,1,0,0,3
10.103280365866295,26,0,2,0,1,0,0,4
10.626615853463514,23,0,0,1,0,0,0,4
16.111616528824673,1,0,2,1,0,0,0,1
15.827054473046688,28,0,1,1,1,0,0,4
11.627331144091498,27,1,2,1,0,0,0,4
15.615709667309527,26,0,3,1,0,0,0,4
3.83546916587342,7,0,3,0,1,1,0,2
1.0012905418658868,0,0,2,0,0,0,0,2
17.472676452694003,0,0,0,0,1,0,0,1
1.5110898752553914,3,0,3,0,0,0,0,2
4.933768594879946,6,0,1,1,0,0,0,2
13.906378992487692,8,0,0,1,0,1,0,3
8.188958752546183,15,1,3,0,0,0,0,3
17.526279398310177,4,0,4,0,0,0,0,1
5.959595893245391,1,1,2,1,0,0,0,1
0.2374269333871859,27,0,0,0,1,0,0,4
6.013112811214882,22,0,3,0,0,0,0,4
11.561500983696632,10,0,0,1,0,0,0,4
7.518767508065867,17,1,3,0,0,0,0,4
10.697455115175105,24,0,2,1,0,0,1,4
17.531962376700374,24,0,2,1,0,0,0,4
18.24970108460737,18,1,2,0,0,0,1,4
5.319481293082243,12,0,4,0,1,0,0,3
9.242809465398016,23,1,3,1,0,0,0,4
10.982880304829024,10,0,2,0,1,1,0,3
18.982249137764946,19,0,3,0,0,0,0,4
19.972346383287693,18,0,2,1,0,0,0,4
4.708144976830533,16,1,3,0,0,0,0,4
14.539597426916307,4,0,3,0,1,0,0,1
7.560621244663903,12,0,0,0,0,0,0,4
0.1621639377242645,29,0,2,0,0,0,0,4
0.1850504487180471,26,0,4,0,0,0,0,4
9.211320151245117,19,1,4,0,1,1,1,4
9.766698260086692,0,0,0,0,1,0,0,1
0.4513939314688531,9,0,1,0,0,0,0,4
13.73854833548605,7,0,4,1,0,0,1,1
5.880067771899062,23,0,2,1,1,0,0,4
11.197862030718987,28,0,2,0,1,0,0,4
6.018381463308375,7,0,1,0,0,0,0,3
3.342686297386144,18,1,3,1,1,0,0,4
8.143474771977505,5,1,1,1,0,0,1,2
4.645467295810015,11,0,1,1,0,0,0,3
10.69601953838336,27,1,1,1,0,0,0,4
3.976570605729599,6,0,4,0,0,0,0,2
10.168119532892542,15,0,3,0,0,1,0,4
3.147570297377351,8,0,3,1,0,1,0,2
13.4194941897157,20,0,2,1,0,0,0,4
15.07875368882848,24,0,4,0,0,1,0,4
2.2078846849986755,21,1,3,0,0,0,0,4
9.356048240746784,9,1,3,0,0,0,0,2
1.4174340130974716,9,0,4,0,1,0,0,3
11.963648910840048,9,0,2,0,0,0,0,3
5.288085958592907,19,1,3,1,0,0,0,4
10.552489136774156,28,0,4,1,0,0,0,4
10.349220187685823,15,0,3,1,1,0,1,3
18.487086923876006,0,0,2,1,0,0,0,1
10.981664451374458,16,0,0,0,0,0,0,4
11.659969594366313,29,0,3,1,1,1,0,4
8.033062515287606,25,1,2,1,0,1,0,4
18.981592063656336,20,1,1,0,0,1,0,4
15.543718188792193,28,0,3,1,0,1,0,4
5.708105806056832,13,1,2,0,1,0,0,3
16.88419171552464,18,0,2,1,0,0,0,4
8.6479272037018,20,0,3,0,1,0,0,4
16.57334287067188,20,1,2,0,0,1,0,4
16.45776136587004,16,0,0,0,1,0,1,4
3.777403735257088,13,0,2,0,0,0,0,4
14.022822627671538,7,0,0,0,0,0,0,3
5.812859386130622,20,1,1,0,0,0,0,4
5.949853399853364,20,1,0,0,0,0,0,4
5.926961537611614,8,1,1,0,0,0,0,2
14.511364951198964,7,0,2,0,1,0,1,3
4.596520835850722,12,1,2,1,0,0,0,3
0.0181167049218045,16,0,4,1,0,1,0,4
14.304737069652662,18,1,2,1,0,0,0,4
3.423694876702505,27,0,3,1,0,0,0,4
2.089647906156693,6,0,2,0,1,1,0,2
4.750322411881203,16,0,3,0,0,0,0,4
7.598010446454079,0,1,3,0,0,0,0,1
9.518126549464014,4,1,2,1,0,0,0,1
0.8914008142526164,24,0,1,1,0,0,0,4
19.411466652547208,5,0,2,0,0,0,1,2
14.321261068391165,25,1,3,0,0,0,0,4
6.463881306486723,1,0,2,1,1,0,0,1
6.373945145707946,26,1,3,0,1,0,0,4
8.970850987369188,24,1,1,0,1,0,0,4
12.52489645526066,15,0,0,1,1,0,0,3
2.927461331779355,21,0,2,0,0,0,0,4
3.7785962752990474,4,0,3,1,0,0,1,2
17.18869165667102,4,0,2,0,1,0,0,1
5.125098477781451,11,0,3,1,1,0,0,3
7.603899959503551,2,1,1,1,0,1,0,1
17.42543701900234,29,0,2,0,0,0,0,4
13.26295658799645,15,0,3,1,0,0,0,3
6.834237586833767,5,0,3,1,0,0,0,1
13.673990914492416,14,0,1,1,0,0,0,4
0.3936643076282742,14,1,2,0,1,1,1,3
14.712853200227304,28,0,3,0,0,0,0,4
9.74032081032479,15,0,0,0,0,0,0,4
16.263642945689224,19,1,3,1,0,1,0,3
19.092753040129367,12,0,2,1,0,0,1,3
18.515770989891365,11,0,1,0,0,0,0,2
18.18530086910681,9,0,3,0,1,0,0,2
10.243399118677743,13,1,1,1,1,0,1,3
7.202842282778761,1,0,4,0,1,0,0,1
9.300706494613456,28,1,3,0,0,0,0,4
13.797920066267215,2,1,3,0,0,0,0,0
17.679955537423734,8,0,0,0,1,0,0,3
4.139726060002391,10,0,4,1,0,0,0,2
18.36386316923406,10,0,3,0,1,0,1,2
16.303604639397783,24,0,1,0,1,0,1,4
19.57712030356469,21,1,2,1,0,0,0,3
17.605035465633744,9,0,1,0,0,0,0,3
5.598746593838133,25,0,4,0,0,0,0,4
2.119118226880954,13,1,3,1,0,0,0,4
2.2448214398317723,8,0,4,1,0,0,0,3
5.8244663715655225,19,0,3,0,1,0,0,4
12.283674479690784,26,0,2,0,1,0,0,4
16.086406521943452,20,0,1,0,0,1,0,4
17.985006139631295,9,1,1,1,0,0,1,2
12.475067687384657,21,0,1,0,0,0,0,4
0.1126262549610745,28,0,2,0,0,0,0,4
3.7263355303706702,8,0,4,0,0,0,1,3
1.994524077067359,28,0,4,1,0,0,1,4
7.2664895113802,4,0,1,0,0,0,0,2
10.027019872674918,7,0,3,0,0,1,0,3
0.8679435715712169,10,1,2,0,0,0,0,3
6.969559515913106,0,1,2,0,0,0,0,1
3.583593492506452,20,0,3,1,0,0,0,4
12.94140332517748,9,0,2,1,0,1,1,2
9.2854473864868,0,0,4,1,0,1,1,0
9.906352938678175,25,0,3,1,1,0,0,4
8.553835760669221,29,0,3,0,1,0,0,4
19.12039420973134,21,0,1,1,0,0,0,4
4.294702502431265,6,0,1,0,0,0,0,3
10.333285196877489,27,0,2,0,0,0,0,4
14.72034736730672,13,1,3,1,0,0,1,3
11.13688826269125,4,0,4,1,1,0,0,0
18.580417714336026,16,1,2,1,0,0,0,3
7.559367112825683,21,0,3,1,0,0,0,4
9.27351611546356,25,0,2,1,0,0,0,4
1.7704463042945684,20,1,1,0,1,0,1,4
12.17998222103857,5,0,3,1,1,0,0,1
5.764239368962121,15,1,3,1,0,0,0,3
3.206180790311377,10,0,1,1,1,0,1,3
10.89062585809016,9,0,2,1,0,0,0,3
10.646205267598212,14,0,2,0,0,0,0,4
1.517432824480951,6,0,1,1,0,0,0,3
13.964309069889456,22,1,4,0,0,1,0,4
12.475443813017058,1,1,2,1,0,1,0,0
3.780345654929944,11,1,1,0,1,0,0,3
9.388697243080877,18,0,1,0,1,0,0,4
14.4064583295712,11,0,4,0,0,0,0,2
10.58871481082553,15,0,3,0,0,0,1,3
7.909781523671404,5,0,3,0,0,0,0,2
6.446769161618873,2,1,0,0,0,0,1,2
12.207877332881072,1,0,3,0,1,0,0,1
18.78217396620481,19,0,2,0,0,1,0,4
13.434896809549668,4,0,3,0,0,1,0,2
1.49491807272631,10,1,4,0,0,1,0,2
9.213699469642677,25,1,1,1,0,0,0,4
17.81648263021255,24,0,2,0,0,1,0,4
1.8892485160217376,2,0,0,0,1,0,0,3
19.77751424275087,2,0,2,0,1,0,1,1
18.981387872908428,21,0,1,0,0,0,0,4
1.5654896145975172,4,1,4,1,1,0,0,0
18.668266408991094,21,0,2,0,1,1,0,4
7.262651805189244,22,0,3,0,0,0,0,4
16.89418334151725,10,0,3,0,0,0,1,3
8.36766675426543,2,0,4,1,0,0,0,1
8.817102254050317,12,1,2,1,0,1,0,3
12.684861819550852,20,0,2,0,0,0,0,4
15.489548385519669,7,0,0,0,0,0,0,3
0.6757830189649727,19,1,0,0,0,0,0,4
11.863119910542686,9,0,3,1,0,0,0,2
3.73465988194742,1,1,0,0,0,0,0,2
6.918990357264059,3,0,2,0,0,0,0,2
6.95937332310433,17,0,0,0,0,0,0,4
9.381206804423073,18,0,3,0,0,1,0,4
6.682728237523468,3,0,2,0,0,1,1,1
2.147222369013355,19,0,1,0,0,0,1,4
2.912574770509029,25,0,1,0,1,0,1,4
0.6687597112219534,8,0,2,0,0,0,1,4
9.404981706575086,15,0,3,0,0,0,0,4
19.08895389705977,25,0,2,0,0,0,0,4
2.313504472962331,5,1,3,1,0,0,0,2
18.92528986006164,24,0,1,1,0,1,1,4
14.667230294641872,3,0,0,1,0,0,0,2
12.749976058683265,8,1,0,1,1,0,0,2
12.905555106471258,26,0,2,0,0,1,1,4
16.53455296792564,12,0,3,0,0,0,0,2
2.1383972875964274,8,0,1,1,1,0,0,4
10.095086471310834,5,0,3,0,0,0,0,2
13.941822765215171,20,0,2,0,0,0,0,4
11.736408901471274,18,1,4,0,0,0,0,4
16.655581420465893,13,1,3,0,1,0,0,2
1.44543418022703,20,0,3,1,1,0,0,4
13.81402078998332,14,0,2,0,0,0,0,3
10.680554607694354,2,0,4,1,0,0,0,1
7.583217279598868,4,1,4,0,1,0,0,1
6.8054996446806175,20,0,2,0,0,0,1,4
12.416652655483858,17,0,2,0,1,1,0,4
17.819907492885296,13,0,2,0,0,0,1,3
